CCAA de destino,Países,Trimestre,Total gasto,Total turistas,Dias estancia media
"Balears, Illes",Alemania,2023T2,"643120726,02","1560273,00","6,40"
"Balears, Illes",Alemania,2023T1,"191013238,56","340599,00","7,50"
"Balears, Illes",Alemania,2022T4,"298376285,02","622127,00","7,87"
"Balears, Illes",Alemania,2022T3,"549725912,78","1733548,00","7,77"
"Balears, Illes",Alemania,2022T2,"704129486,44","1618693,00","6,80"
"Balears, Illes",Alemania,2022T1,"172448200,31","296684,00","7,77"
"Balears, Illes",Alemania,2021T4,"281428955,23","428806,00","7,40"
"Balears, Illes",Alemania,2021T3,"497145886,34","736865,00","7,50"
"Balears, Illes",Alemania,2021T2,"325808935,45","405508,00","7,27"
"Balears, Illes",Alemania,2021T1,"27775041,82","38200,00","10,40"
"Balears, Illes",Alemania,2020T4,"28077992,69","58920,00","14,83"
"Balears, Illes",Alemania,2020T3,"189085964,18","376404,00","10,03"
"Balears, Illes",Alemania,2020T2,"0,00","17842,00","19,57"
"Balears, Illes",Alemania,2020T1,"88213202,44","248257,00","7,63"
"Balears, Illes",Andorra,2023T2,"2828956,43","2335,00","6,90"
"Balears, Illes",Andorra,2023T1,"671159,28","412,00","6,37"
"Balears, Illes",Andorra,2022T4,"951369,11","634,00","8,67"
"Balears, Illes",Andorra,2022T3,"3838096,97","3363,00","9,03"
"Balears, Illes",Andorra,2022T2,"2875947,19","1900,00","7,37"
"Balears, Illes",Andorra,2022T1,"631079,92","312,00","8,27"
"Balears, Illes",Andorra,2021T4,"829423,05","499,00","8,37"
"Balears, Illes",Andorra,2021T3,"4549640,21","2418,00","10,53"
"Balears, Illes",Andorra,2021T2,"1587701,54","818,00","7,03"
"Balears, Illes",Andorra,2021T1,"158071,69","156,00","6,80"
"Balears, Illes",Andorra,2020T4,"294298,79","356,00","11,13"
"Balears, Illes",Andorra,2020T3,"2318165,36","1707,00","9,70"
"Balears, Illes",Andorra,2020T2,"0,00","100,00","7,00"
"Balears, Illes",Andorra,2020T1,"321517,03","224,00","7,87"
"Balears, Illes",Austria,2023T2,"50266165,84","95591,00","5,47"
"Balears, Illes",Austria,2023T1,"10581404,74","15051,00","7,07"
"Balears, Illes",Austria,2022T4,"16896298,72","25830,00","7,30"
"Balears, Illes",Austria,2022T3,"48193916,23","105170,00","5,97"
"Balears, Illes",Austria,2022T2,"49393931,80","75946,00","5,67"
"Balears, Illes",Austria,2022T1,"9764178,65","19889,00","8,00"
"Balears, Illes",Austria,2021T4,"15142585,95","31952,00","8,30"
"Balears, Illes",Austria,2021T3,"39136498,25","87009,00","6,77"
"Balears, Illes",Austria,2021T2,"14765921,05","32115,00","7,13"
"Balears, Illes",Austria,2021T1,"1517278,17","7829,00","7,67"
"Balears, Illes",Austria,2020T4,"1841330,36","10015,00","12,90"
"Balears, Illes",Austria,2020T3,"9652787,81","26207,00","10,07"
"Balears, Illes",Austria,2020T2,"0,00","3647,00","11,33"
"Balears, Illes",Austria,2020T1,"4500638,40","11103,00","9,63"
"Balears, Illes",Bélgica,2023T2,"52550824,13","84797,00","5,53"
"Balears, Illes",Bélgica,2023T1,"7084808,53","9191,00","6,37"
"Balears, Illes",Bélgica,2022T4,"16025464,69","33376,00","6,53"
"Balears, Illes",Bélgica,2022T3,"64980863,13","151147,00","6,43"
"Balears, Illes",Bélgica,2022T2,"55023204,27","104843,00","5,63"
"Balears, Illes",Bélgica,2022T1,"7264316,10","8457,00","6,50"
"Balears, Illes",Bélgica,2021T4,"18176035,08","28638,00","6,67"
"Balears, Illes",Bélgica,2021T3,"66964306,40","89504,00","6,70"
"Balears, Illes",Bélgica,2021T2,"27225034,29","25762,00","6,40"
"Balears, Illes",Bélgica,2021T1,"929498,53","1734,00","10,40"
"Balears, Illes",Bélgica,2020T4,"1710245,12","4224,00","11,50"
"Balears, Illes",Bélgica,2020T3,"19847465,59","34843,00","8,33"
"Balears, Illes",Bélgica,2020T2,"0,00","1074,00","14,93"
"Balears, Illes",Bélgica,2020T1,"3389745,82","7486,00","7,00"
"Balears, Illes",Dinamarca,2023T2,"39499356,26","63403,00","5,87"
"Balears, Illes",Dinamarca,2023T1,"4669326,20","5167,00","7,50"
"Balears, Illes",Dinamarca,2022T4,"17964490,03","24479,00","7,47"
"Balears, Illes",Dinamarca,2022T3,"61504655,12","111802,00","6,53"
"Balears, Illes",Dinamarca,2022T2,"45031330,05","67628,00","6,10"
"Balears, Illes",Dinamarca,2022T1,"4796422,08","4905,00","9,00"
"Balears, Illes",Dinamarca,2021T4,"19047079,90","23879,00","8,07"
"Balears, Illes",Dinamarca,2021T3,"61587763,49","73059,00","6,83"
"Balears, Illes",Dinamarca,2021T2,"10222038,29","13174,00","7,20"
"Balears, Illes",Dinamarca,2021T1,"636981,90","2440,00","8,77"
"Balears, Illes",Dinamarca,2020T4,"737393,11","2808,00","11,93"
"Balears, Illes",Dinamarca,2020T3,"9753235,02","13384,00","9,13"
"Balears, Illes",Dinamarca,2020T2,"0,00","1221,00","12,10"
"Balears, Illes",Dinamarca,2020T1,"2385229,15","4483,00","8,63"
"Balears, Illes",Finlandia,2023T2,"11167200,84","13413,00","6,07"
"Balears, Illes",Finlandia,2023T1,"1752622,55","1039,00","7,80"
"Balears, Illes",Finlandia,2022T4,"4363232,00","4853,00","8,53"
"Balears, Illes",Finlandia,2022T3,"8153110,63","11570,00","6,40"
"Balears, Illes",Finlandia,2022T2,"10893770,27","10805,00","6,20"
"Balears, Illes",Finlandia,2022T1,"1256387,19","569,00","9,03"
"Balears, Illes",Finlandia,2021T4,"3855821,25","2878,00","8,03"
"Balears, Illes",Finlandia,2021T3,"3428427,42","2208,00","7,57"
"Balears, Illes",Finlandia,2021T2,"1067788,94","463,00","8,40"
"Balears, Illes",Finlandia,2021T1,"107716,70","155,00","8,57"
"Balears, Illes",Finlandia,2020T4,"125276,83","212,00","14,10"
"Balears, Illes",Finlandia,2020T3,"588236,12","469,00","11,87"
"Balears, Illes",Finlandia,2020T2,"0,00","126,00","13,03"
"Balears, Illes",Finlandia,2020T1,"928930,88","1208,00","8,40"
"Balears, Illes",Francia,2023T2,"199793907,74","327514,00","5,27"
"Balears, Illes",Francia,2023T1,"25390224,60","40843,00","6,93"
"Balears, Illes",Francia,2022T4,"66231362,33","129341,00","7,27"
"Balears, Illes",Francia,2022T3,"272896368,91","434774,00","6,73"
"Balears, Illes",Francia,2022T2,"202758195,13","358778,00","5,93"
"Balears, Illes",Francia,2022T1,"21536046,40","31165,00","9,93"
"Balears, Illes",Francia,2021T4,"62121631,24","99823,00","8,63"
"Balears, Illes",Francia,2021T3,"281511439,12","403259,00","7,23"
"Balears, Illes",Francia,2021T2,"78765337,10","98744,00","7,93"
"Balears, Illes",Francia,2021T1,"4708932,60","15856,00","10,83"
"Balears, Illes",Francia,2020T4,"10815163,07","41402,00","13,40"
"Balears, Illes",Francia,2020T3,"90824878,43","161735,00","9,27"
"Balears, Illes",Francia,2020T2,"0,00","10413,00","15,73"
"Balears, Illes",Francia,2020T1,"12683125,60","31720,00","10,13"
"Balears, Illes",Irlanda,2023T2,"64265176,25","90677,00","6,03"
"Balears, Illes",Irlanda,2023T1,"6469630,90","2265,00","7,87"
"Balears, Illes",Irlanda,2022T4,"18103134,02","25459,00","7,47"
"Balears, Illes",Irlanda,2022T3,"67032857,97","115217,00","6,80"
"Balears, Illes",Irlanda,2022T2,"61132173,70","79589,00","5,87"
"Balears, Illes",Irlanda,2022T1,"3616948,15","1272,00","9,67"
"Balears, Illes",Irlanda,2021T4,"13103956,08","7771,00","9,47"
"Balears, Illes",Irlanda,2021T3,"28367886,79","15653,00","7,63"
"Balears, Illes",Irlanda,2021T2,"3240078,27","850,00","10,37"
"Balears, Illes",Irlanda,2021T1,"450883,30","332,00","12,53"
"Balears, Illes",Irlanda,2020T4,"866403,44","761,00","15,57"
"Balears, Illes",Irlanda,2020T3,"4154738,95","3031,00","9,37"
"Balears, Illes",Irlanda,2020T2,"0,00","266,00","12,90"
"Balears, Illes",Irlanda,2020T1,"1664922,03","998,00","7,33"
"Balears, Illes",Italia,2023T2,"117415103,72","269827,00","4,10"
"Balears, Illes",Italia,2023T1,"13721531,35","36159,00","4,33"
"Balears, Illes",Italia,2022T4,"30782441,84","93899,00","4,43"
"Balears, Illes",Italia,2022T3,"215330455,28","463041,00","5,70"
"Balears, Illes",Italia,2022T2,"115187306,12","225333,00","4,30"
"Balears, Illes",Italia,2022T1,"11676551,73","17781,00","6,53"
"Balears, Illes",Italia,2021T4,"21053222,89","52941,00","5,27"
"Balears, Illes",Italia,2021T3,"125521663,70","183891,00","6,27"
"Balears, Illes",Italia,2021T2,"29823447,49","28155,00","7,70"
"Balears, Illes",Italia,2021T1,"2449867,32","5100,00","10,93"
"Balears, Illes",Italia,2020T4,"3473994,75","9854,00","14,50"
"Balears, Illes",Italia,2020T3,"45964971,24","91304,00","9,13"
"Balears, Illes",Italia,2020T2,"0,00","4742,00","15,33"
"Balears, Illes",Italia,2020T1,"7185380,92","19593,00","8,33"
"Balears, Illes",Noruega,2023T2,"37727469,96","45214,00","5,90"
"Balears, Illes",Noruega,2023T1,"3211391,63","1542,00","7,80"
"Balears, Illes",Noruega,2022T4,"14588759,48","15394,00","7,77"
"Balears, Illes",Noruega,2022T3,"60278457,91","71299,00","6,73"
"Balears, Illes",Noruega,2022T2,"45684427,09","42552,00","5,80"
"Balears, Illes",Noruega,2022T1,"2576347,79","1028,00","8,53"
"Balears, Illes",Noruega,2021T4,"8289666,63","5136,00","8,40"
"Balears, Illes",Noruega,2021T3,"8674290,68","4518,00","8,07"
"Balears, Illes",Noruega,2021T2,"1305853,53","534,00","9,37"
"Balears, Illes",Noruega,2021T1,"255576,14","318,00","11,40"
"Balears, Illes",Noruega,2020T4,"347027,26","506,00","14,70"
"Balears, Illes",Noruega,2020T3,"1907404,48","1284,00","11,80"
"Balears, Illes",Noruega,2020T2,"0,00","397,00","13,03"
"Balears, Illes",Noruega,2020T1,"2281012,66","2708,00","9,37"
"Balears, Illes",Países Bajos,2023T2,"152357865,36","158803,00","5,83"
"Balears, Illes",Países Bajos,2023T1,"21875762,14","29330,00","7,60"
"Balears, Illes",Países Bajos,2022T4,"52600761,66","64687,00","7,90"
"Balears, Illes",Países Bajos,2022T3,"183227503,71","198794,00","6,80"
"Balears, Illes",Países Bajos,2022T2,"168596526,91","127302,00","6,10"
"Balears, Illes",Países Bajos,2022T1,"21632983,68","22386,00","8,47"
"Balears, Illes",Países Bajos,2021T4,"58743049,67","59878,00","7,90"
"Balears, Illes",Países Bajos,2021T3,"189217338,16","155746,00","6,70"
"Balears, Illes",Países Bajos,2021T2,"65937641,60","48529,00","7,57"
"Balears, Illes",Países Bajos,2021T1,"3130564,05","10180,00","9,77"
"Balears, Illes",Países Bajos,2020T4,"4461199,84","16293,00","13,67"
"Balears, Illes",Países Bajos,2020T3,"49959425,53","62725,00","9,30"
"Balears, Illes",Países Bajos,2020T2,"0,00","9312,00","12,47"
"Balears, Illes",Países Bajos,2020T1,"9425386,92","29620,00","8,73"
"Balears, Illes",Polonia,2023T2,"25420857,30","69852,00","5,23"
"Balears, Illes",Polonia,2023T1,"4136427,26","8338,00","6,30"
"Balears, Illes",Polonia,2022T4,"8676910,94","26018,00","6,57"
"Balears, Illes",Polonia,2022T3,"23279059,90","91851,00","6,00"
"Balears, Illes",Polonia,2022T2,"19926199,31","66821,00","5,63"
"Balears, Illes",Polonia,2022T1,"2786413,17","5109,00","7,93"
"Balears, Illes",Polonia,2021T4,"4756803,83","14029,00","6,43"
"Balears, Illes",Polonia,2021T3,"20441855,17","59541,00","6,10"
"Balears, Illes",Polonia,2021T2,"6615704,86","13965,00","6,53"
"Balears, Illes",Polonia,2021T1,"478859,71","1587,00","8,23"
"Balears, Illes",Polonia,2020T4,"749407,03","4033,00","10,77"
"Balears, Illes",Polonia,2020T3,"5949977,08","32808,00","7,03"
"Balears, Illes",Polonia,2020T2,"0,00","1329,00","11,07"
"Balears, Illes",Polonia,2020T1,"1482009,55","7445,00","7,77"
"Balears, Illes",Portugal,2023T2,"28126341,89","37132,00","5,03"
"Balears, Illes",Portugal,2023T1,"2415224,01","2450,00","6,50"
"Balears, Illes",Portugal,2022T4,"6552544,52","9321,00","7,47"
"Balears, Illes",Portugal,2022T3,"41475870,53","79156,00","6,53"
"Balears, Illes",Portugal,2022T2,"23223856,32","34739,00","5,20"
"Balears, Illes",Portugal,2022T1,"1865379,04","1259,00","7,60"
"Balears, Illes",Portugal,2021T4,"4526505,42","7226,00","7,70"
"Balears, Illes",Portugal,2021T3,"28839572,26","38704,00","6,37"
"Balears, Illes",Portugal,2021T2,"6745702,52","6164,00","6,93"
"Balears, Illes",Portugal,2021T1,"298230,22","662,00","9,40"
"Balears, Illes",Portugal,2020T4,"444334,49","1194,00","10,10"
"Balears, Illes",Portugal,2020T3,"4759493,34","8366,00","7,67"
"Balears, Illes",Portugal,2020T2,"0,00","337,00","14,13"
"Balears, Illes",Portugal,2020T1,"1031968,97","1557,00","9,10"
"Balears, Illes",Reino Unido,2023T2,"567790687,80","1365407,00","5,63"
"Balears, Illes",Reino Unido,2023T1,"67309364,99","112021,00","6,70"
"Balears, Illes",Reino Unido,2022T4,"189813057,94","390047,00","6,80"
"Balears, Illes",Reino Unido,2022T3,"688309645,14","1780006,00","6,77"
"Balears, Illes",Reino Unido,2022T2,"559370677,51","1293064,00","5,90"
"Balears, Illes",Reino Unido,2022T1,"58184794,40","72879,00","7,83"
"Balears, Illes",Reino Unido,2021T4,"149775032,10","222980,00","7,77"
"Balears, Illes",Reino Unido,2021T3,"485675745,68","769228,00","7,30"
"Balears, Illes",Reino Unido,2021T2,"61273347,66","23235,00","10,20"
"Balears, Illes",Reino Unido,2021T1,"10531101,96","10171,00","13,03"
"Balears, Illes",Reino Unido,2020T4,"20018919,38","25117,00","16,23"
"Balears, Illes",Reino Unido,2020T3,"129638460,75","127223,00","9,87"
"Balears, Illes",Reino Unido,2020T2,"0,00","9117,00","17,17"
"Balears, Illes",Reino Unido,2020T1,"36641242,88","53213,00","8,30"
"Balears, Illes",Rumanía,2023T2,"7686344,79","11668,00","6,23"
"Balears, Illes",Rumanía,2023T1,"1721714,92","1914,00","8,10"
"Balears, Illes",Rumanía,2022T4,"2899478,66","4517,00","7,87"
"Balears, Illes",Rumanía,2022T3,"11661176,11","20225,00","6,63"
"Balears, Illes",Rumanía,2022T2,"7171952,53","10544,00","6,73"
"Balears, Illes",Rumanía,2022T1,"1421617,47","1054,00","9,23"
"Balears, Illes",Rumanía,2021T4,"2063715,69","3208,00","8,37"
"Balears, Illes",Rumanía,2021T3,"7298788,21","11466,00","7,57"
"Balears, Illes",Rumanía,2021T2,"2205148,88","2809,00","7,50"
"Balears, Illes",Rumanía,2021T1,"224068,16","674,00","8,77"
"Balears, Illes",Rumanía,2020T4,"280121,29","824,00","10,70"
"Balears, Illes",Rumanía,2020T3,"1616606,98","3576,00","9,33"
"Balears, Illes",Rumanía,2020T2,"0,00","826,00","10,90"
"Balears, Illes",Rumanía,2020T1,"722456,41","1825,00","10,20"
"Balears, Illes",Rusia,2023T2,"0,00","2270,00","7,07"
"Balears, Illes",Rusia,2023T1,"0,00","641,00","8,67"
"Balears, Illes",Rusia,2022T4,"0,00","1218,00","8,17"
"Balears, Illes",Rusia,2022T3,"0,00","3991,00","7,40"
"Balears, Illes",Rusia,2022T2,"0,00","1557,00","7,47"
"Balears, Illes",Rusia,2022T1,"4190338,60","581,00","8,70"
"Balears, Illes",Rusia,2021T4,"3883892,47","1107,00","7,13"
"Balears, Illes",Rusia,2021T3,"10483504,87","2456,00","7,33"
"Balears, Illes",Rusia,2021T2,"4449946,73","935,00","6,33"
"Balears, Illes",Rusia,2021T1,"921840,37","537,00","7,27"
"Balears, Illes",Rusia,2020T4,"1215056,71","534,00","9,07"
"Balears, Illes",Rusia,2020T3,"4732298,25","1137,00","9,83"
"Balears, Illes",Rusia,2020T2,"0,00","523,00","8,63"
"Balears, Illes",Rusia,2020T1,"3743505,42","2387,00","5,73"
"Balears, Illes",Suecia,2023T2,"64233496,60","70147,00","5,80"
"Balears, Illes",Suecia,2023T1,"12154507,90","11169,00","8,30"
"Balears, Illes",Suecia,2022T4,"26770305,05","33210,00","7,70"
"Balears, Illes",Suecia,2022T3,"75894045,08","117089,00","6,07"
"Balears, Illes",Suecia,2022T2,"77712987,02","83000,00","5,73"
"Balears, Illes",Suecia,2022T1,"11766285,86","10358,00","8,53"
"Balears, Illes",Suecia,2021T4,"25319891,10","28362,00","7,63"
"Balears, Illes",Suecia,2021T3,"59115270,62","60349,00","6,63"
"Balears, Illes",Suecia,2021T2,"16640280,85","16096,00","7,97"
"Balears, Illes",Suecia,2021T1,"1870016,96","4767,00","10,37"
"Balears, Illes",Suecia,2020T4,"3529753,33","9852,00","12,53"
"Balears, Illes",Suecia,2020T3,"13190466,48","20966,00","8,50"
"Balears, Illes",Suecia,2020T2,"0,00","3209,00","13,47"
"Balears, Illes",Suecia,2020T1,"6597471,00","12307,00","10,73"
"Balears, Illes",Suiza,2023T2,"128492531,46","161814,00","5,17"
"Balears, Illes",Suiza,2023T1,"22633784,60","19917,00","6,23"
"Balears, Illes",Suiza,2022T4,"54622396,39","74577,00","6,20"
"Balears, Illes",Suiza,2022T3,"145737253,97","203888,00","6,10"
"Balears, Illes",Suiza,2022T2,"128772155,43","148855,00","5,57"
"Balears, Illes",Suiza,2022T1,"19200549,90","14856,00","7,30"
"Balears, Illes",Suiza,2021T4,"50963825,82","47835,00","6,80"
"Balears, Illes",Suiza,2021T3,"136016097,14","111905,00","6,17"
"Balears, Illes",Suiza,2021T2,"56755825,68","36109,00","6,50"
"Balears, Illes",Suiza,2021T1,"4016667,63","3211,00","9,57"
"Balears, Illes",Suiza,2020T4,"4976228,75","5239,00","11,77"
"Balears, Illes",Suiza,2020T3,"40906947,39","39266,00","9,57"
"Balears, Illes",Suiza,2020T2,"0,00","1618,00","14,93"
"Balears, Illes",Suiza,2020T1,"11149856,09","14480,00","7,27"
"Balears, Illes",Argentina,2023T2,"6002961,52","7597,00","7,93"
"Balears, Illes",Argentina,2023T1,"1314525,26","2057,00","8,77"
"Balears, Illes",Argentina,2022T4,"2700543,43","2606,00","9,87"
"Balears, Illes",Argentina,2022T3,"14976079,58","12995,00","10,30"
"Balears, Illes",Argentina,2022T2,"7368482,03","5615,00","8,70"
"Balears, Illes",Argentina,2022T1,"1451956,15","830,00","9,40"
"Balears, Illes",Argentina,2021T4,"1553961,79","1645,00","10,10"
"Balears, Illes",Argentina,2021T3,"2843381,31","2658,00","10,40"
"Balears, Illes",Argentina,2021T2,"829759,83","811,00","8,07"
"Balears, Illes",Argentina,2021T1,"206940,59","394,00","8,37"
"Balears, Illes",Argentina,2020T4,"313289,63","445,00","12,63"
"Balears, Illes",Argentina,2020T3,"1101084,11","683,00","11,80"
"Balears, Illes",Argentina,2020T2,"0,00","647,00","12,03"
"Balears, Illes",Argentina,2020T1,"584879,94","1309,00","11,40"
"Balears, Illes",Brasil,2023T2,"6004062,16","8153,00","5,20"
"Balears, Illes",Brasil,2023T1,"949390,98","737,00","7,57"
"Balears, Illes",Brasil,2022T4,"1511675,17","2365,00","6,20"
"Balears, Illes",Brasil,2022T3,"9013390,86","8701,00","7,63"
"Balears, Illes",Brasil,2022T2,"3948459,62","4570,00","6,37"
"Balears, Illes",Brasil,2022T1,"583159,84","665,00","9,90"
"Balears, Illes",Brasil,2021T4,"776214,96","983,00","7,20"
"Balears, Illes",Brasil,2021T3,"1407429,79","1105,00","7,13"
"Balears, Illes",Brasil,2021T2,"353680,98","339,00","9,00"
"Balears, Illes",Brasil,2021T1,"42693,15","198,00","10,13"
"Balears, Illes",Brasil,2020T4,"80121,51","231,00","14,03"
"Balears, Illes",Brasil,2020T3,"386377,55","518,00","11,03"
"Balears, Illes",Brasil,2020T2,"0,00","320,00","11,97"
"Balears, Illes",Brasil,2020T1,"497666,34","1034,00","9,70"
"Balears, Illes",Canadá,2023T2,"12507096,15","13210,00","5,13"
"Balears, Illes",Canadá,2023T1,"1888434,92","1733,00","6,57"
"Balears, Illes",Canadá,2022T4,"4709722,34","4435,00","6,07"
"Balears, Illes",Canadá,2022T3,"14274583,10","13156,00","5,90"
"Balears, Illes",Canadá,2022T2,"10557526,43","9003,00","6,20"
"Balears, Illes",Canadá,2022T1,"1178595,96","704,00","7,13"
"Balears, Illes",Canadá,2021T4,"1973125,76","996,00","6,43"
"Balears, Illes",Canadá,2021T3,"3741004,64","1598,00","5,87"
"Balears, Illes",Canadá,2021T2,"573238,19","262,00","4,63"
"Balears, Illes",Canadá,2021T1,"130752,85","30,00","3,47"
"Balears, Illes",Canadá,2020T4,"210218,67","125,00","10,20"
"Balears, Illes",Canadá,2020T3,"710688,66","328,00","7,67"
"Balears, Illes",Canadá,2020T2,"0,00","44,00","2,13"
"Balears, Illes",Canadá,2020T1,"689860,33","439,00","6,10"
"Balears, Illes",Chile,2023T2,"4516082,10","1785,00","6,83"
"Balears, Illes",Chile,2023T1,"797202,74","292,00","7,40"
"Balears, Illes",Chile,2022T4,"1305099,67","537,00","7,63"
"Balears, Illes",Chile,2022T3,"5691843,30","2424,00","6,80"
"Balears, Illes",Chile,2022T2,"3938719,10","1215,00","6,30"
"Balears, Illes",Chile,2022T1,"676008,69","198,00","8,47"
"Balears, Illes",Chile,2021T4,"1490800,84","362,00","8,40"
"Balears, Illes",Chile,2021T3,"4273437,98","755,00","8,07"
"Balears, Illes",Chile,2021T2,"573333,89","45,00","3,17"
"Balears, Illes",Chile,2021T1,"87226,74","0,00","0,00"
"Balears, Illes",Chile,2020T4,"127840,55","0,00","0,00"
"Balears, Illes",Chile,2020T3,"551490,96","90,00","7,10"
"Balears, Illes",Chile,2020T2,"0,00","0,00","0,00"
"Balears, Illes",Chile,2020T1,"281409,42","201,00","9,57"
"Balears, Illes",Colombia,2023T2,"2096584,52","6563,00","9,90"
"Balears, Illes",Colombia,2023T1,"836653,34","2710,00","10,90"
"Balears, Illes",Colombia,2022T4,"1073629,55","3621,00","9,73"
"Balears, Illes",Colombia,2022T3,"2336250,65","6165,00","9,57"
"Balears, Illes",Colombia,2022T2,"2076860,85","5563,00","8,97"
"Balears, Illes",Colombia,2022T1,"590483,56","1990,00","10,90"
"Balears, Illes",Colombia,2021T4,"686225,81","1797,00","8,60"
"Balears, Illes",Colombia,2021T3,"1103563,35","1413,00","8,43"
"Balears, Illes",Colombia,2021T2,"272253,61","584,00","9,43"
"Balears, Illes",Colombia,2021T1,"64972,92","458,00","10,27"
"Balears, Illes",Colombia,2020T4,"78986,92","701,00","13,60"
"Balears, Illes",Colombia,2020T3,"228115,54","950,00","14,50"
"Balears, Illes",Colombia,2020T2,"0,00","1040,00","13,43"
"Balears, Illes",Colombia,2020T1,"547535,73","1862,00","12,90"
"Balears, Illes",Estados Unidos de América,2023T2,"128407966,46","93145,00","4,93"
"Balears, Illes",Estados Unidos de América,2023T1,"21547589,76","9008,00","6,67"
"Balears, Illes",Estados Unidos de América,2022T4,"42429998,86","31817,00","5,67"
"Balears, Illes",Estados Unidos de América,2022T3,"161751315,67","116449,00","5,53"
"Balears, Illes",Estados Unidos de América,2022T2,"101540915,64","55104,00","5,33"
"Balears, Illes",Estados Unidos de América,2022T1,"15298043,87","5617,00","7,83"
"Balears, Illes",Estados Unidos de América,2021T4,"24110067,75","11250,00","8,03"
"Balears, Illes",Estados Unidos de América,2021T3,"79459177,77","37027,00","7,23"
"Balears, Illes",Estados Unidos de América,2021T2,"17722078,41","6174,00","9,07"
"Balears, Illes",Estados Unidos de América,2021T1,"2405213,54","1982,00","11,00"
"Balears, Illes",Estados Unidos de América,2020T4,"3781326,58","3636,00","14,57"
"Balears, Illes",Estados Unidos de América,2020T3,"15485531,01","7035,00","11,60"
"Balears, Illes",Estados Unidos de América,2020T2,"0,00","2279,00","13,07"
"Balears, Illes",Estados Unidos de América,2020T1,"9773451,27","6119,00","8,80"
"Balears, Illes",México,2023T2,"5082696,25","3899,00","5,93"
"Balears, Illes",México,2023T1,"1188993,30","1439,00","5,87"
"Balears, Illes",México,2022T4,"1956180,51","2282,00","6,00"
"Balears, Illes",México,2022T3,"6246183,14","6241,00","6,00"
"Balears, Illes",México,2022T2,"3837568,34","4318,00","5,83"
"Balears, Illes",México,2022T1,"811824,14","951,00","7,90"
"Balears, Illes",México,2021T4,"1108312,85","682,00","9,63"
"Balears, Illes",México,2021T3,"3680067,48","1768,00","9,40"
"Balears, Illes",México,2021T2,"813163,89","325,00","9,50"
"Balears, Illes",México,2021T1,"139624,85","153,00","11,00"
"Balears, Illes",México,2020T4,"220046,98","215,00","11,63"
"Balears, Illes",México,2020T3,"770699,77","432,00","11,40"
"Balears, Illes",México,2020T2,"0,00","172,00","10,47"
"Balears, Illes",México,2020T1,"600644,12","529,00","9,23"
"Balears, Illes",Australia,2023T2,"13729220,51","5845,00","5,80"
"Balears, Illes",Australia,2023T1,"1233485,57","364,00","7,83"
"Balears, Illes",Australia,2022T4,"3233332,10","1303,00","6,53"
"Balears, Illes",Australia,2022T3,"20059948,90","8051,00","6,50"
"Balears, Illes",Australia,2022T2,"8191746,98","2671,00","6,10"
"Balears, Illes",Australia,2022T1,"819674,70","185,00","8,53"
"Balears, Illes",Australia,2021T4,"1000440,61","248,00","8,30"
"Balears, Illes",Australia,2021T3,"1665668,33","370,00","7,03"
"Balears, Illes",Australia,2021T2,"539874,63","84,00","4,80"
"Balears, Illes",Australia,2021T1,"96414,85","0,00","0,00"
"Balears, Illes",Australia,2020T4,"175135,27","139,00","13,87"
"Balears, Illes",Australia,2020T3,"568734,40","272,00","10,10"
"Balears, Illes",Australia,2020T2,"0,00","64,00","5,53"
"Balears, Illes",Australia,2020T1,"558660,38","435,00","7,70"
"Balears, Illes",China,2023T2,"3116116,83","8008,00","4,80"
"Balears, Illes",China,2023T1,"1448187,78","1831,00","6,33"
"Balears, Illes",China,2022T4,"1975114,46","2185,00","6,40"
"Balears, Illes",China,2022T3,"2088916,13","5099,00","5,83"
"Balears, Illes",China,2022T2,"2718981,08","3518,00","6,07"
"Balears, Illes",China,2022T1,"692203,59","738,00","7,70"
"Balears, Illes",China,2021T4,"1232564,48","1318,00","7,17"
"Balears, Illes",China,2021T3,"1255815,85","1472,00","7,47"
"Balears, Illes",China,2021T2,"813608,23","1098,00","7,97"
"Balears, Illes",China,2021T1,"231147,16","875,00","7,90"
"Balears, Illes",China,2020T4,"319368,20","799,00","11,30"
"Balears, Illes",China,2020T3,"564852,18","1180,00","9,37"
"Balears, Illes",China,2020T2,"0,00","601,00","10,30"
"Balears, Illes",China,2020T1,"790406,17","2334,00","8,20"
"Balears, Illes",Corea,2023T2,"2900571,99","1559,00","4,07"
"Balears, Illes",Corea,2023T1,"788919,94","523,00","4,07"
"Balears, Illes",Corea,2022T4,"1020734,58","592,00","4,00"
"Balears, Illes",Corea,2022T3,"1237103,50","1260,00","4,13"
"Balears, Illes",Corea,2022T2,"842911,23","522,00","4,27"
"Balears, Illes",Corea,2022T1,"82778,08","0,00","0,00"
"Balears, Illes",Corea,2021T4,"88018,49","43,00","1,20"
"Balears, Illes",Corea,2021T3,"163897,38","30,00","1,87"
"Balears, Illes",Corea,2021T2,"40402,33","0,00","0,00"
"Balears, Illes",Corea,2021T1,"5104,06","0,00","0,00"
"Balears, Illes",Corea,2020T4,"3212,15","0,00","0,00"
"Balears, Illes",Corea,2020T3,"3081,38","0,00","0,00"
"Balears, Illes",Corea,2020T2,"0,00","0,00","0,00"
"Balears, Illes",Corea,2020T1,"126549,84","198,00","5,20"
"Balears, Illes",Emiratos Árabes Unidos,2023T2,"9932733,13","3542,00","5,07"
"Balears, Illes",Emiratos Árabes Unidos,2023T1,"1700814,64","702,00","7,00"
"Balears, Illes",Emiratos Árabes Unidos,2022T4,"2847344,95","1049,00","6,27"
"Balears, Illes",Emiratos Árabes Unidos,2022T3,"18545488,13","5982,00","5,87"
"Balears, Illes",Emiratos Árabes Unidos,2022T2,"8475938,14","2842,00","5,17"
"Balears, Illes",Emiratos Árabes Unidos,2022T1,"1378865,05","384,00","7,37"
"Balears, Illes",Emiratos Árabes Unidos,2021T4,"1786590,72","526,00","5,83"
"Balears, Illes",Emiratos Árabes Unidos,2021T3,"13774171,48","5556,00","6,10"
"Balears, Illes",Emiratos Árabes Unidos,2021T2,"2119379,58","576,00","7,17"
"Balears, Illes",Emiratos Árabes Unidos,2021T1,"257154,17","187,00","7,23"
"Balears, Illes",Emiratos Árabes Unidos,2020T4,"418865,96","287,00","9,50"
"Balears, Illes",Emiratos Árabes Unidos,2020T3,"2808801,81","1115,00","8,93"
"Balears, Illes",Emiratos Árabes Unidos,2020T2,"0,00","136,00","7,67"
"Balears, Illes",Emiratos Árabes Unidos,2020T1,"837767,58","354,00","6,47"
"Balears, Illes",Japón,2023T2,"0,00","1950,00","6,23"
"Balears, Illes",Japón,2023T1,"0,00","546,00","7,67"
"Balears, Illes",Japón,2022T4,"0,00","637,00","7,00"
"Balears, Illes",Japón,2022T3,"0,00","1065,00","6,17"
"Balears, Illes",Japón,2022T2,"0,00","840,00","6,70"
"Balears, Illes",Japón,2022T1,"155138,01","75,00","7,03"
"Balears, Illes",Japón,2021T4,"139394,19","165,00","8,37"
"Balears, Illes",Japón,2021T3,"411026,36","213,00","7,47"
"Balears, Illes",Japón,2021T2,"114297,28","0,00","0,00"
"Balears, Illes",Japón,2021T1,"21720,92","0,00","0,00"
"Balears, Illes",Japón,2020T4,"46296,27","0,00","0,00"
"Balears, Illes",Japón,2020T3,"167691,37","74,00","10,23"
"Balears, Illes",Japón,2020T2,"0,00","0,00","0,00"
"Balears, Illes",Japón,2020T1,"222045,79","538,00","6,07"
"Balears, Illes",Turquía,2023T2,"2803696,08","2228,00","4,30"
"Balears, Illes",Turquía,2023T1,"617180,11","590,00","4,60"
"Balears, Illes",Turquía,2022T4,"795369,52","1000,00","4,87"
"Balears, Illes",Turquía,2022T3,"2656524,23","2671,00","4,83"
"Balears, Illes",Turquía,2022T2,"1670925,97","1808,00","4,70"
"Balears, Illes",Turquía,2022T1,"370920,43","438,00","5,23"
"Balears, Illes",Turquía,2021T4,"633861,07","557,00","4,77"
"Balears, Illes",Turquía,2021T3,"1495137,85","768,00","5,40"
"Balears, Illes",Turquía,2021T2,"453336,94","390,00","4,70"
"Balears, Illes",Turquía,2021T1,"68070,72","303,00","4,37"
"Balears, Illes",Turquía,2020T4,"70728,78","274,00","4,97"
"Balears, Illes",Turquía,2020T3,"373750,28","344,00","5,23"
"Balears, Illes",Turquía,2020T2,"0,00","197,00","4,40"
"Balears, Illes",Turquía,2020T1,"196913,41","379,00","5,67"
Canarias,Alemania,2023T2,"234604052,37","546392,00","9,13"
Canarias,Alemania,2023T1,"365773131,19","662132,00","9,53"
Canarias,Alemania,2022T4,"315567942,36","701172,00","9,63"
Canarias,Alemania,2022T3,"176827038,45","490343,00","10,40"
Canarias,Alemania,2022T2,"218913939,06","541264,00","9,70"
Canarias,Alemania,2022T1,"300919876,54","529083,00","9,93"
Canarias,Alemania,2021T4,"279665011,03","443873,00","8,67"
Canarias,Alemania,2021T3,"138808484,68","243028,00","9,10"
Canarias,Alemania,2021T2,"66391530,25","126071,00","9,83"
Canarias,Alemania,2021T1,"48999043,00","88580,00","11,30"
Canarias,Alemania,2020T4,"55667449,75","114406,00","12,43"
Canarias,Alemania,2020T3,"52082403,05","134744,00","10,70"
Canarias,Alemania,2020T2,"0,00","16673,00","20,73"
Canarias,Alemania,2020T1,"230410833,83","564221,00","9,97"
Canarias,Andorra,2023T2,"755485,58","682,00","8,40"
Canarias,Andorra,2023T1,"635849,86","498,00","8,00"
Canarias,Andorra,2022T4,"644919,20","611,00","8,53"
Canarias,Andorra,2022T3,"618017,38","558,00","8,80"
Canarias,Andorra,2022T2,"831041,46","682,00","8,50"
Canarias,Andorra,2022T1,"537325,50","306,00","8,60"
Canarias,Andorra,2021T4,"487540,96","283,00","8,20"
Canarias,Andorra,2021T3,"682703,28","407,00","9,43"
Canarias,Andorra,2021T2,"376094,84","453,00","8,27"
Canarias,Andorra,2021T1,"127887,03","133,00","7,03"
Canarias,Andorra,2020T4,"249018,20","280,00","8,30"
Canarias,Andorra,2020T3,"222972,04","234,00","8,77"
Canarias,Andorra,2020T2,"0,00","0,00","0,00"
Canarias,Andorra,2020T1,"292871,90","194,00","7,47"
Canarias,Austria,2023T2,"16265243,33","24053,00","8,77"
Canarias,Austria,2023T1,"30720442,25","36889,00","9,00"
Canarias,Austria,2022T4,"24085320,66","24939,00","8,60"
Canarias,Austria,2022T3,"15461970,48","27063,00","8,10"
Canarias,Austria,2022T2,"16592063,18","23694,00","8,40"
Canarias,Austria,2022T1,"26206749,94","41040,00","9,67"
Canarias,Austria,2021T4,"20561432,89","41330,00","9,07"
Canarias,Austria,2021T3,"10266160,10","20494,00","9,60"
Canarias,Austria,2021T2,"4221926,19","14292,00","10,63"
Canarias,Austria,2021T1,"3701268,37","18354,00","10,83"
Canarias,Austria,2020T4,"4594967,02","15594,00","14,80"
Canarias,Austria,2020T3,"3233660,42","7921,00","14,83"
Canarias,Austria,2020T2,"0,00","3696,00","12,63"
Canarias,Austria,2020T1,"19145127,50","33849,00","11,10"
Canarias,Bélgica,2023T2,"67091965,89","102285,00","7,57"
Canarias,Bélgica,2023T1,"88679803,59","111528,00","8,13"
Canarias,Bélgica,2022T4,"81550223,59","120504,00","8,03"
Canarias,Bélgica,2022T3,"68919817,33","127440,00","7,83"
Canarias,Bélgica,2022T2,"64962164,62","106771,00","7,57"
Canarias,Bélgica,2022T1,"84839546,99","118512,00","7,87"
Canarias,Bélgica,2021T4,"79676278,68","102082,00","7,57"
Canarias,Bélgica,2021T3,"56995870,51","76310,00","8,13"
Canarias,Bélgica,2021T2,"17594399,31","23902,00","8,93"
Canarias,Bélgica,2021T1,"9044996,73","16754,00","11,33"
Canarias,Bélgica,2020T4,"20503100,81","32513,00","9,30"
Canarias,Bélgica,2020T3,"25042424,95","49057,00","8,30"
Canarias,Bélgica,2020T2,"0,00","3149,00","16,27"
Canarias,Bélgica,2020T1,"58005444,48","104289,00","7,70"
Canarias,Dinamarca,2023T2,"20305669,54","39385,00","7,57"
Canarias,Dinamarca,2023T1,"57117398,93","102322,00","7,37"
Canarias,Dinamarca,2022T4,"39914720,25","90325,00","6,67"
Canarias,Dinamarca,2022T3,"20011959,75","37792,00","7,63"
Canarias,Dinamarca,2022T2,"20417635,06","42895,00","8,07"
Canarias,Dinamarca,2022T1,"51732006,87","95986,00","7,83"
Canarias,Dinamarca,2021T4,"39107573,44","70000,00","7,30"
Canarias,Dinamarca,2021T3,"13091974,00","21454,00","8,17"
Canarias,Dinamarca,2021T2,"2273185,02","8022,00","9,97"
Canarias,Dinamarca,2021T1,"1214982,88","5077,00","11,23"
Canarias,Dinamarca,2020T4,"1353752,37","4457,00","12,67"
Canarias,Dinamarca,2020T3,"1008256,16","3278,00","12,67"
Canarias,Dinamarca,2020T2,"0,00","1869,00","13,30"
Canarias,Dinamarca,2020T1,"40619633,08","93129,00","7,43"
Canarias,Finlandia,2023T2,"9108559,53","13927,00","10,27"
Canarias,Finlandia,2023T1,"59049727,66","91067,00","7,87"
Canarias,Finlandia,2022T4,"46282272,62","77661,00","7,00"
Canarias,Finlandia,2022T3,"2307673,22","1577,00","11,13"
Canarias,Finlandia,2022T2,"8496791,38","9615,00","10,93"
Canarias,Finlandia,2022T1,"44298153,76","63792,00","8,00"
Canarias,Finlandia,2021T4,"30518080,92","39561,00","7,40"
Canarias,Finlandia,2021T3,"1805186,30","1197,00","9,30"
Canarias,Finlandia,2021T2,"878486,29","979,00","12,07"
Canarias,Finlandia,2021T1,"1334344,81","1913,00","12,13"
Canarias,Finlandia,2020T4,"1552141,06","1436,00","12,50"
Canarias,Finlandia,2020T3,"863549,24","561,00","13,53"
Canarias,Finlandia,2020T2,"0,00","690,00","15,40"
Canarias,Finlandia,2020T1,"41814109,89","87589,00","8,23"
Canarias,Francia,2023T2,"103492874,29","171407,00","7,17"
Canarias,Francia,2023T1,"126488592,79","187790,00","7,13"
Canarias,Francia,2022T4,"105015805,96","170920,00","7,57"
Canarias,Francia,2022T3,"105755914,21","157942,00","8,27"
Canarias,Francia,2022T2,"98126587,85","176681,00","7,47"
Canarias,Francia,2022T1,"113413114,88","185751,00","7,63"
Canarias,Francia,2021T4,"93493611,60","134369,00","7,70"
Canarias,Francia,2021T3,"86610158,69","127176,00","8,67"
Canarias,Francia,2021T2,"37267187,01","78249,00","8,97"
Canarias,Francia,2021T1,"21159556,48","54941,00","8,73"
Canarias,Francia,2020T4,"19545193,61","45845,00","10,73"
Canarias,Francia,2020T3,"21064568,08","44986,00","10,83"
Canarias,Francia,2020T2,"0,00","9662,00","14,47"
Canarias,Francia,2020T1,"72939234,77","132912,00","7,63"
Canarias,Irlanda,2023T2,"123920897,30","168621,00","7,53"
Canarias,Irlanda,2023T1,"124036751,95","163290,00","7,30"
Canarias,Irlanda,2022T4,"106128604,19","130959,00","7,17"
Canarias,Irlanda,2022T3,"120051666,80","155629,00","8,03"
Canarias,Irlanda,2022T2,"106709440,11","123625,00","7,57"
Canarias,Irlanda,2022T1,"104607682,17","105913,00","7,87"
Canarias,Irlanda,2021T4,"82443690,36","49897,00","7,57"
Canarias,Irlanda,2021T3,"55183606,29","33366,00","8,30"
Canarias,Irlanda,2021T2,"7314678,54","3585,00","13,93"
Canarias,Irlanda,2021T1,"7791352,89","8170,00","12,70"
Canarias,Irlanda,2020T4,"9429621,64","8985,00","10,60"
Canarias,Irlanda,2020T3,"10101894,42","8983,00","9,97"
Canarias,Irlanda,2020T2,"0,00","1233,00","15,27"
Canarias,Irlanda,2020T1,"55172630,69","66079,00","7,47"
Canarias,Italia,2023T2,"87818119,37","114792,00","7,73"
Canarias,Italia,2023T1,"112681552,39","144608,00","8,13"
Canarias,Italia,2022T4,"96590073,67","139988,00","7,83"
Canarias,Italia,2022T3,"103468386,95","146491,00","8,40"
Canarias,Italia,2022T2,"87610687,42","119077,00","7,43"
Canarias,Italia,2022T1,"93436768,16","118431,00","8,57"
Canarias,Italia,2021T4,"76010521,86","88346,00","7,70"
Canarias,Italia,2021T3,"67447687,71","73946,00","8,90"
Canarias,Italia,2021T2,"26541829,48","39155,00","9,47"
Canarias,Italia,2021T1,"13193759,22","20334,00","11,57"
Canarias,Italia,2020T4,"16072007,35","22950,00","14,80"
Canarias,Italia,2020T3,"26781167,74","43859,00","13,10"
Canarias,Italia,2020T2,"0,00","12092,00","18,87"
Canarias,Italia,2020T1,"64199460,79","91262,00","11,70"
Canarias,Noruega,2023T2,"37440169,57","36259,00","9,03"
Canarias,Noruega,2023T1,"140070161,69","121197,00","9,30"
Canarias,Noruega,2022T4,"112483391,53","117688,00","7,70"
Canarias,Noruega,2022T3,"28324378,52","24885,00","9,47"
Canarias,Noruega,2022T2,"34378905,85","34506,00","9,60"
Canarias,Noruega,2022T1,"99191731,81","92852,00","9,57"
Canarias,Noruega,2021T4,"68724774,55","53346,00","8,90"
Canarias,Noruega,2021T3,"10358429,71","5720,00","9,83"
Canarias,Noruega,2021T2,"3053863,38","2263,00","12,10"
Canarias,Noruega,2021T1,"2771987,59","2841,00","11,67"
Canarias,Noruega,2020T4,"3658763,85","3198,00","15,13"
Canarias,Noruega,2020T3,"3102390,91","2168,00","12,30"
Canarias,Noruega,2020T2,"0,00","1669,00","14,73"
Canarias,Noruega,2020T1,"107117265,48","128837,00","10,17"
Canarias,Países Bajos,2023T2,"83374384,50","107520,00","7,83"
Canarias,Países Bajos,2023T1,"95998754,12","134232,00","7,87"
Canarias,Países Bajos,2022T4,"84092791,68","110072,00","7,47"
Canarias,Países Bajos,2022T3,"92446872,95","112353,00","8,17"
Canarias,Países Bajos,2022T2,"86206791,99","97908,00","7,67"
Canarias,Países Bajos,2022T1,"99406572,39","108671,00","7,60"
Canarias,Países Bajos,2021T4,"82686556,36","110863,00","7,30"
Canarias,Países Bajos,2021T3,"59576531,92","76539,00","7,97"
Canarias,Países Bajos,2021T2,"12619172,72","27767,00","10,10"
Canarias,Países Bajos,2021T1,"5028112,38","19274,00","10,50"
Canarias,Países Bajos,2020T4,"7219606,07","24241,00","12,90"
Canarias,Países Bajos,2020T3,"17200005,32","39510,00","10,53"
Canarias,Países Bajos,2020T2,"0,00","11478,00","11,90"
Canarias,Países Bajos,2020T1,"59718347,39","131702,00","8,03"
Canarias,Polonia,2023T2,"25802287,26","61057,00","6,77"
Canarias,Polonia,2023T1,"40139854,31","76500,00","6,83"
Canarias,Polonia,2022T4,"27325611,03","58005,00","6,80"
Canarias,Polonia,2022T3,"21866354,65","79128,00","7,03"
Canarias,Polonia,2022T2,"20908677,16","58869,00","7,07"
Canarias,Polonia,2022T1,"30740502,06","77745,00","7,50"
Canarias,Polonia,2021T4,"19463171,33","49249,00","6,73"
Canarias,Polonia,2021T3,"17184264,15","59267,00","7,20"
Canarias,Polonia,2021T2,"8829463,95","25556,00","7,60"
Canarias,Polonia,2021T1,"5488442,06","16643,00","8,57"
Canarias,Polonia,2020T4,"5499469,00","17253,00","8,73"
Canarias,Polonia,2020T3,"5653262,18","27919,00","8,10"
Canarias,Polonia,2020T2,"0,00","2885,00","11,37"
Canarias,Polonia,2020T1,"15583939,65","60823,00","7,57"
Canarias,Portugal,2023T2,"10225578,07","12801,00","6,07"
Canarias,Portugal,2023T1,"6844087,56","9130,00","6,20"
Canarias,Portugal,2022T4,"7588706,82","8562,00","6,33"
Canarias,Portugal,2022T3,"13085045,48","22529,00","7,10"
Canarias,Portugal,2022T2,"8257994,31","9516,00","6,67"
Canarias,Portugal,2022T1,"4439923,30","4736,00","7,47"
Canarias,Portugal,2021T4,"4202568,57","5608,00","6,83"
Canarias,Portugal,2021T3,"6052510,56","8819,00","7,33"
Canarias,Portugal,2021T2,"1738498,18","2519,00","8,53"
Canarias,Portugal,2021T1,"729195,29","1229,00","10,67"
Canarias,Portugal,2020T4,"1110976,78","2272,00","11,83"
Canarias,Portugal,2020T3,"1390586,65","2991,00","10,13"
Canarias,Portugal,2020T2,"0,00","883,00","14,27"
Canarias,Portugal,2020T1,"2787043,03","4607,00","9,73"
Canarias,Reino Unido,2023T2,"498705687,87","1341066,00","6,90"
Canarias,Reino Unido,2023T1,"532412627,29","1294071,00","7,30"
Canarias,Reino Unido,2022T4,"482495951,97","1330475,00","7,17"
Canarias,Reino Unido,2022T3,"460066867,73","1334349,00","7,83"
Canarias,Reino Unido,2022T2,"441665905,78","1264032,00","7,20"
Canarias,Reino Unido,2022T1,"407488231,39","942414,00","7,60"
Canarias,Reino Unido,2021T4,"344091046,83","879152,00","7,20"
Canarias,Reino Unido,2021T3,"170807309,26","404521,00","8,77"
Canarias,Reino Unido,2021T2,"27990597,29","21160,00","10,90"
Canarias,Reino Unido,2021T1,"23069895,67","30438,00","12,93"
Canarias,Reino Unido,2020T4,"70487027,40","117291,00","9,63"
Canarias,Reino Unido,2020T3,"70360564,05","97239,00","9,37"
Canarias,Reino Unido,2020T2,"0,00","14475,00","16,10"
Canarias,Reino Unido,2020T1,"293828641,88","884649,00","7,60"
Canarias,Rumanía,2023T2,"9740150,87","10727,00","7,53"
Canarias,Rumanía,2023T1,"10810707,95","11446,00","8,43"
Canarias,Rumanía,2022T4,"9080080,42","11252,00","7,67"
Canarias,Rumanía,2022T3,"7963825,87","10763,00","7,87"
Canarias,Rumanía,2022T2,"8939025,75","10250,00","8,00"
Canarias,Rumanía,2022T1,"7952392,30","9155,00","9,10"
Canarias,Rumanía,2021T4,"5588384,35","6724,00","7,83"
Canarias,Rumanía,2021T3,"4853933,16","7426,00","7,77"
Canarias,Rumanía,2021T2,"2102974,71","3902,00","9,83"
Canarias,Rumanía,2021T1,"1229420,13","2673,00","10,40"
Canarias,Rumanía,2020T4,"1317605,18","2169,00","10,20"
Canarias,Rumanía,2020T3,"1478014,48","3119,00","9,60"
Canarias,Rumanía,2020T2,"0,00","937,00","11,93"
Canarias,Rumanía,2020T1,"3500636,51","6055,00","10,73"
Canarias,Rusia,2023T2,"0,00","2805,00","9,50"
Canarias,Rusia,2023T1,"0,00","3295,00","9,27"
Canarias,Rusia,2022T4,"0,00","3726,00","8,83"
Canarias,Rusia,2022T3,"0,00","2682,00","8,80"
Canarias,Rusia,2022T2,"0,00","2231,00","9,27"
Canarias,Rusia,2022T1,"13855661,40","3082,00","9,47"
Canarias,Rusia,2021T4,"8842279,20","3922,00","6,67"
Canarias,Rusia,2021T3,"6034852,78","2779,00","6,57"
Canarias,Rusia,2021T2,"3092596,94","2204,00","7,07"
Canarias,Rusia,2021T1,"2178971,48","3010,00","7,03"
Canarias,Rusia,2020T4,"3009881,40","2715,00","8,07"
Canarias,Rusia,2020T3,"3970100,44","2646,00","8,60"
Canarias,Rusia,2020T2,"0,00","3573,00","7,63"
Canarias,Rusia,2020T1,"27469668,98","21170,00","7,97"
Canarias,Suecia,2023T2,"23181292,54","44497,00","6,80"
Canarias,Suecia,2023T1,"84426284,02","139251,00","7,43"
Canarias,Suecia,2022T4,"66555707,29","100021,00","6,57"
Canarias,Suecia,2022T3,"11307804,77","30146,00","6,33"
Canarias,Suecia,2022T2,"20270666,10","40573,00","7,07"
Canarias,Suecia,2022T1,"64005481,54","86158,00","7,70"
Canarias,Suecia,2021T4,"52074257,00","75637,00","6,90"
Canarias,Suecia,2021T3,"8088453,26","14852,00","7,63"
Canarias,Suecia,2021T2,"3761861,38","9802,00","9,63"
Canarias,Suecia,2021T1,"5359932,55","16673,00","8,80"
Canarias,Suecia,2020T4,"6676188,63","16575,00","10,00"
Canarias,Suecia,2020T3,"2463882,00","9800,00","10,13"
Canarias,Suecia,2020T2,"0,00","5145,00","12,93"
Canarias,Suecia,2020T1,"69951300,16","147198,00","8,10"
Canarias,Suiza,2023T2,"43303944,47","51041,00","7,53"
Canarias,Suiza,2023T1,"51883166,21","55791,00","8,27"
Canarias,Suiza,2022T4,"56240250,64","77156,00","7,93"
Canarias,Suiza,2022T3,"33529292,51","43187,00","8,00"
Canarias,Suiza,2022T2,"39633114,79","44431,00","7,97"
Canarias,Suiza,2022T1,"42423879,12","46863,00","8,37"
Canarias,Suiza,2021T4,"50285018,39","47044,00","7,70"
Canarias,Suiza,2021T3,"27921753,54","27851,00","7,83"
Canarias,Suiza,2021T2,"14877230,86","18956,00","8,00"
Canarias,Suiza,2021T1,"6241068,24","8619,00","9,83"
Canarias,Suiza,2020T4,"7769816,53","8171,00","10,33"
Canarias,Suiza,2020T3,"8125274,65","10737,00","9,00"
Canarias,Suiza,2020T2,"0,00","1566,00","15,47"
Canarias,Suiza,2020T1,"31081169,91","37780,00","8,90"
Canarias,Argentina,2023T2,"1110935,20","1675,00","8,27"
Canarias,Argentina,2023T1,"1020224,25","1521,00","10,37"
Canarias,Argentina,2022T4,"1125386,10","1349,00","9,20"
Canarias,Argentina,2022T3,"1491941,88","1103,00","10,47"
Canarias,Argentina,2022T2,"1194339,15","908,00","8,37"
Canarias,Argentina,2022T1,"862724,39","659,00","9,63"
Canarias,Argentina,2021T4,"673038,61","718,00","8,40"
Canarias,Argentina,2021T3,"510934,06","528,00","8,23"
Canarias,Argentina,2021T2,"212922,74","306,00","7,37"
Canarias,Argentina,2021T1,"122959,35","285,00","7,40"
Canarias,Argentina,2020T4,"232853,09","292,00","9,60"
Canarias,Argentina,2020T3,"398992,54","318,00","10,23"
Canarias,Argentina,2020T2,"0,00","576,00","8,07"
Canarias,Argentina,2020T1,"524985,88","1141,00","10,10"
Canarias,Brasil,2023T2,"1724503,46","4793,00","5,63"
Canarias,Brasil,2023T1,"835720,86","2298,00","6,90"
Canarias,Brasil,2022T4,"917741,34","2201,00","5,67"
Canarias,Brasil,2022T3,"952310,23","2378,00","7,27"
Canarias,Brasil,2022T2,"1079199,60","4267,00","7,37"
Canarias,Brasil,2022T1,"585632,46","1834,00","8,03"
Canarias,Brasil,2021T4,"276813,34","1047,00","5,83"
Canarias,Brasil,2021T3,"214140,67","648,00","4,10"
Canarias,Brasil,2021T2,"79041,18","478,00","5,27"
Canarias,Brasil,2021T1,"54156,48","447,00","4,60"
Canarias,Brasil,2020T4,"106417,92","657,00","5,57"
Canarias,Brasil,2020T3,"140927,81","775,00","5,40"
Canarias,Brasil,2020T2,"0,00","603,00","4,97"
Canarias,Brasil,2020T1,"429932,50","1427,00","6,20"
Canarias,Canadá,2023T2,"3471959,35","2904,00","6,90"
Canarias,Canadá,2023T1,"6293072,98","6590,00","7,30"
Canarias,Canadá,2022T4,"4488420,44","3821,00","6,17"
Canarias,Canadá,2022T3,"2994261,82","2357,00","6,90"
Canarias,Canadá,2022T2,"2876659,95","2356,00","6,73"
Canarias,Canadá,2022T1,"3963128,57","3686,00","8,63"
Canarias,Canadá,2021T4,"2491919,55","816,00","5,90"
Canarias,Canadá,2021T3,"926986,57","405,00","5,93"
Canarias,Canadá,2021T2,"420536,48","160,00","6,27"
Canarias,Canadá,2021T1,"337010,69","284,00","7,33"
Canarias,Canadá,2020T4,"574154,97","242,00","7,83"
Canarias,Canadá,2020T3,"379932,74","138,00","7,10"
Canarias,Canadá,2020T2,"0,00","118,00","9,77"
Canarias,Canadá,2020T1,"3214421,40","1467,00","8,00"
Canarias,Chile,2023T2,"1404969,33","572,00","7,37"
Canarias,Chile,2023T1,"1306125,06","487,00","7,20"
Canarias,Chile,2022T4,"1001491,74","432,00","7,57"
Canarias,Chile,2022T3,"1271324,21","475,00","8,33"
Canarias,Chile,2022T2,"1058590,25","381,00","7,93"
Canarias,Chile,2022T1,"1172253,75","397,00","8,20"
Canarias,Chile,2021T4,"951739,60","281,00","8,00"
Canarias,Chile,2021T3,"876176,58","234,00","8,83"
Canarias,Chile,2021T2,"307392,04","0,00","0,00"
Canarias,Chile,2021T1,"168261,05","42,00","2,70"
Canarias,Chile,2020T4,"241269,96","69,00","9,33"
Canarias,Chile,2020T3,"308608,46","92,00","7,57"
Canarias,Chile,2020T2,"0,00","0,00","0,00"
Canarias,Chile,2020T1,"492324,04","265,00","10,40"
Canarias,Colombia,2023T2,"1515504,54","4381,00","10,13"
Canarias,Colombia,2023T1,"1272675,06","3911,00","10,80"
Canarias,Colombia,2022T4,"1359415,64","4841,00","9,47"
Canarias,Colombia,2022T3,"1244735,97","3812,00","10,53"
Canarias,Colombia,2022T2,"1132065,27","3546,00","9,93"
Canarias,Colombia,2022T1,"879085,49","2942,00","10,73"
Canarias,Colombia,2021T4,"749767,91","1941,00","8,73"
Canarias,Colombia,2021T3,"462729,13","887,00","9,77"
Canarias,Colombia,2021T2,"172819,46","525,00","9,70"
Canarias,Colombia,2021T1,"108081,63","613,00","8,43"
Canarias,Colombia,2020T4,"182968,02","802,00","13,53"
Canarias,Colombia,2020T3,"199392,88","942,00","14,20"
Canarias,Colombia,2020T2,"0,00","1242,00","12,57"
Canarias,Colombia,2020T1,"427236,76","2419,00","13,07"
Canarias,Estados Unidos de América,2023T2,"29882416,99","19257,00","7,23"
Canarias,Estados Unidos de América,2023T1,"31808541,29","17064,00","7,67"
Canarias,Estados Unidos de América,2022T4,"31074133,30","18460,00","6,63"
Canarias,Estados Unidos de América,2022T3,"25732305,42","16867,00","7,73"
Canarias,Estados Unidos de América,2022T2,"24421536,53","13104,00","7,07"
Canarias,Estados Unidos de América,2022T1,"22661306,99","10829,00","7,77"
Canarias,Estados Unidos de América,2021T4,"18703043,40","8549,00","7,97"
Canarias,Estados Unidos de América,2021T3,"15703155,19","8099,00","8,87"
Canarias,Estados Unidos de América,2021T2,"6071073,05","3973,00","10,00"
Canarias,Estados Unidos de América,2021T1,"3769010,49","3158,00","10,60"
Canarias,Estados Unidos de América,2020T4,"5870747,52","4754,00","13,50"
Canarias,Estados Unidos de América,2020T3,"6384958,92","4339,00","13,13"
Canarias,Estados Unidos de América,2020T2,"0,00","3933,00","10,97"
Canarias,Estados Unidos de América,2020T1,"16628534,01","10146,00","9,97"
Canarias,México,2023T2,"1578820,72","1280,00","7,87"
Canarias,México,2023T1,"1335374,76","1181,00","6,77"
Canarias,México,2022T4,"1392204,11","1351,00","6,57"
Canarias,México,2022T3,"1206848,15","1157,00","6,40"
Canarias,México,2022T2,"1028880,85","1222,00","5,83"
Canarias,México,2022T1,"943084,67","1133,00","7,10"
Canarias,México,2021T4,"761261,94","528,00","9,50"
Canarias,México,2021T3,"765805,11","316,00","10,77"
Canarias,México,2021T2,"350557,00","160,00","11,17"
Canarias,México,2021T1,"187624,65","103,00","8,00"
Canarias,México,2020T4,"311005,16","111,00","10,40"
Canarias,México,2020T3,"364854,95","159,00","12,60"
Canarias,México,2020T2,"0,00","152,00","12,30"
Canarias,México,2020T1,"741549,85","425,00","10,57"
Canarias,Australia,2023T2,"1458029,29","789,00","7,13"
Canarias,Australia,2023T1,"1265589,96","612,00","7,10"
Canarias,Australia,2022T4,"1609311,73","852,00","7,17"
Canarias,Australia,2022T3,"1592232,37","663,00","7,60"
Canarias,Australia,2022T2,"1232412,37","477,00","8,53"
Canarias,Australia,2022T1,"1000276,30","338,00","7,83"
Canarias,Australia,2021T4,"731827,82","205,00","6,60"
Canarias,Australia,2021T3,"312323,14","65,00","5,07"
Canarias,Australia,2021T2,"165423,81","67,00","5,37"
Canarias,Australia,2021T1,"118908,32","42,00","2,30"
Canarias,Australia,2020T4,"241480,73","122,00","7,37"
Canarias,Australia,2020T3,"136093,35","104,00","9,13"
Canarias,Australia,2020T2,"0,00","31,00","2,00"
Canarias,Australia,2020T1,"664324,30","422,00","7,40"
Canarias,China,2023T2,"1348982,78","3813,00","5,60"
Canarias,China,2023T1,"1395211,11","3553,00","6,03"
Canarias,China,2022T4,"1340807,02","3253,00","6,33"
Canarias,China,2022T3,"736250,71","2383,00","6,77"
Canarias,China,2022T2,"899819,84","2340,00","6,27"
Canarias,China,2022T1,"925176,04","1920,00","6,60"
Canarias,China,2021T4,"777331,95","3455,00","6,07"
Canarias,China,2021T3,"322545,93","2083,00","6,40"
Canarias,China,2021T2,"225500,51","1908,00","6,47"
Canarias,China,2021T1,"142961,57","1445,00","6,47"
Canarias,China,2020T4,"170061,54","1728,00","7,23"
Canarias,China,2020T3,"337763,42","2683,00","6,40"
Canarias,China,2020T2,"0,00","1709,00","6,60"
Canarias,China,2020T1,"753075,28","5112,00","6,53"
Canarias,Corea,2023T2,"0,00","168,00","6,47"
Canarias,Corea,2023T1,"497475,27","288,00","6,40"
Canarias,Corea,2022T4,"0,00","289,00","5,70"
Canarias,Corea,2022T3,"0,00","199,00","9,37"
Canarias,Corea,2022T2,"0,00","160,00","6,83"
Canarias,Corea,2022T1,"250532,37","114,00","6,63"
Canarias,Corea,2021T4,"201304,90","74,00","3,53"
Canarias,Corea,2021T3,"134973,33","31,00","2,50"
Canarias,Corea,2021T2,"54598,10","0,00","0,00"
Canarias,Corea,2021T1,"46606,20","47,00","4,87"
Canarias,Corea,2020T4,"57167,93","30,00","3,43"
Canarias,Corea,2020T3,"61571,36","0,00","0,00"
Canarias,Corea,2020T2,"0,00","0,00","0,00"
Canarias,Corea,2020T1,"330372,09","278,00","6,77"
Canarias,Emiratos Árabes Unidos,2023T2,"1163160,92","684,00","6,27"
Canarias,Emiratos Árabes Unidos,2023T1,"991436,15","691,00","7,50"
Canarias,Emiratos Árabes Unidos,2022T4,"1035956,68","716,00","6,67"
Canarias,Emiratos Árabes Unidos,2022T3,"1392744,19","633,00","7,43"
Canarias,Emiratos Árabes Unidos,2022T2,"851095,80","479,00","6,00"
Canarias,Emiratos Árabes Unidos,2022T1,"646162,46","449,00","6,97"
Canarias,Emiratos Árabes Unidos,2021T4,"617520,97","306,00","5,40"
Canarias,Emiratos Árabes Unidos,2021T3,"1036858,88","437,00","7,27"
Canarias,Emiratos Árabes Unidos,2021T2,"245976,54","189,00","6,83"
Canarias,Emiratos Árabes Unidos,2021T1,"147174,52","175,00","8,07"
Canarias,Emiratos Árabes Unidos,2020T4,"284995,86","207,00","8,00"
Canarias,Emiratos Árabes Unidos,2020T3,"354037,84","209,00","8,80"
Canarias,Emiratos Árabes Unidos,2020T2,"0,00","0,00","0,00"
Canarias,Emiratos Árabes Unidos,2020T1,"611676,99","318,00","6,80"
Canarias,Japón,2023T2,"322200,27","770,00","7,50"
Canarias,Japón,2023T1,"0,00","675,00","7,27"
Canarias,Japón,2022T4,"388292,61","1089,00","6,63"
Canarias,Japón,2022T3,"357368,15","511,00","8,30"
Canarias,Japón,2022T2,"233409,65","569,00","8,97"
Canarias,Japón,2022T1,"217469,97","240,00","9,37"
Canarias,Japón,2021T4,"247724,80","325,00","5,37"
Canarias,Japón,2021T3,"150029,30","234,00","6,97"
Canarias,Japón,2021T2,"55042,35","65,00","4,60"
Canarias,Japón,2021T1,"50318,30","99,00","8,27"
Canarias,Japón,2020T4,"72440,98","228,00","8,50"
Canarias,Japón,2020T3,"59725,20","166,00","8,77"
Canarias,Japón,2020T2,"0,00","70,00","6,03"
Canarias,Japón,2020T1,"372657,59","637,00","9,70"
Canarias,Turquía,2023T2,"656487,93","733,00","5,00"
Canarias,Turquía,2023T1,"789519,66","803,00","5,50"
Canarias,Turquía,2022T4,"742166,07","1060,00","5,13"
Canarias,Turquía,2022T3,"278536,51","572,00","5,10"
Canarias,Turquía,2022T2,"280408,92","687,00","4,87"
Canarias,Turquía,2022T1,"222424,15","594,00","6,13"
Canarias,Turquía,2021T4,"141132,46","549,00","4,93"
Canarias,Turquía,2021T3,"181052,69","302,00","3,90"
Canarias,Turquía,2021T2,"86183,82","223,00","4,23"
Canarias,Turquía,2021T1,"53486,35","265,00","5,57"
Canarias,Turquía,2020T4,"73544,06","316,00","4,87"
Canarias,Turquía,2020T3,"114019,65","200,00","5,20"
Canarias,Turquía,2020T2,"0,00","231,00","4,97"
Canarias,Turquía,2020T1,"206335,64","501,00","5,00"
