Motivo del viaje;Tipo de dato;Periodo;Total
Total;Dato base;2023M08;10.076.734
Total;Dato base;2023M07;10.131.579
Total;Dato base;2023M06;8.318.325
Total;Dato base;2023M05;8.218.334
Total;Dato base;2023M04;7.235.055
Total;Dato base;2023M03;5.257.076
Total;Dato base;2023M02;4.321.152
Total;Dato base;2023M01;4.147.345
Total;Dato base;2022M12;4.127.293
Total;Dato base;2022M11;4.334.651
Total;Dato base;2022M10;7.176.984
Total;Dato base;2022M09;7.767.211
Total;Dato base;2022M08;8.848.665
Total;Dato base;2022M07;9.091.390
Total;Dato base;2022M06;7.498.156
Total;Dato base;2022M05;6.988.353
Total;Dato base;2022M04;6.106.316
Total;Dato base;2022M03;4.039.532
Total;Dato base;2022M02;3.179.288
Total;Dato base;2022M01;2.501.443
Total;Dato base;2021M12;2.947.525
Total;Dato base;2021M11;3.361.913
Total;Dato base;2021M10;5.148.820
Total;Dato base;2021M09;4.703.933
Total;Dato base;2021M08;5.196.520
Total;Dato base;2021M07;4.398.992
Total;Dato base;2021M06;2.216.356
Total;Dato base;2021M05;1.363.164
Total;Dato base;2021M04;629.206
Total;Dato base;2021M03;491.427
Total;Dato base;2021M02;284.974
Total;Dato base;2021M01;437.973
Total;Dato base;2020M12;648.989
Total;Dato base;2020M11;456.814
Total;Dato base;2020M10;1.020.773
Total;Dato base;2020M09;1.138.868
Total;Dato base;2020M08;2.440.978
Total;Dato base;2020M07;2.464.779
Total;Dato base;2020M06;204.272
Total;Dato base;2020M05;0
Total;Dato base;2020M04;0
Total;Dato base;2020M03;1.997.262
Total;Dato base;2020M02;4.427.344
Total;Dato base;2020M01;4.133.024
Total;Dato base;2019M12;4.304.741
Total;Dato base;2019M11;4.655.021
Total;Dato base;2019M10;7.587.749
Total;Dato base;2019M09;8.845.152
Total;Dato base;2019M08;10.118.366
Total;Dato base;2019M07;9.873.270
Total;Dato base;2019M06;8.833.893
Total;Dato base;2019M05;7.919.204
Total;Dato base;2019M04;7.146.033
Total;Dato base;2019M03;5.649.577
Total;Dato base;2019M02;4.380.504
Total;Dato base;2019M01;4.195.641
Total;Dato base;2018M12;4.354.798
Total;Dato base;2018M11;4.536.873
Total;Dato base;2018M10;7.649.860
Total;Dato base;2018M09;8.932.308
Total;Dato base;2018M08;10.175.761
Total;Dato base;2018M07;10.020.246
Total;Dato base;2018M06;8.554.306
Total;Dato base;2018M05;8.086.048
Total;Dato base;2018M04;6.780.378
Total;Dato base;2018M03;5.393.186
Total;Dato base;2018M02;4.218.047
Total;Dato base;2018M01;4.106.601
Total;Dato base;2017M12;3.982.530
Total;Dato base;2017M11;4.392.575
Total;Dato base;2017M10;7.269.931
Total;Dato base;2017M09;8.877.270
Total;Dato base;2017M08;10.397.745
Total;Dato base;2017M07;10.493.438
Total;Dato base;2017M06;8.431.975
Total;Dato base;2017M05;8.002.648
Total;Dato base;2017M04;7.081.594
Total;Dato base;2017M03;4.913.943
Total;Dato base;2017M02;4.119.137
Total;Dato base;2017M01;3.905.736
Total;Dato base;2016M12;3.990.446
Total;Dato base;2016M11;4.098.262
Total;Dato base;2016M10;7.137.723
Total;Dato base;2016M09;7.932.607
Total;Dato base;2016M08;10.027.471
Total;Dato base;2016M07;9.545.792
Total;Dato base;2016M06;7.552.758
Total;Dato base;2016M05;7.111.154
Total;Dato base;2016M04;6.086.327
Total;Dato base;2016M03;4.627.206
Total;Dato base;2016M02;3.678.726
Total;Dato base;2016M01;3.526.537
Total;Dato base;2015M12;3.512.914
Total;Dato base;2015M11;3.754.802
Total;Dato base;2015M10;6.432.341
Total;Tasa de variación anual;2023M08;13,88
Total;Tasa de variación anual;2023M07;11,44
Total;Tasa de variación anual;2023M06;10,94
Total;Tasa de variación anual;2023M05;17,6
Total;Tasa de variación anual;2023M04;18,48
Total;Tasa de variación anual;2023M03;30,14
Total;Tasa de variación anual;2023M02;35,92
Total;Tasa de variación anual;2023M01;65,8
Total;Tasa de variación anual;2022M12;40,03
Total;Tasa de variación anual;2022M11;28,93
Total;Tasa de variación anual;2022M10;39,39
Total;Tasa de variación anual;2022M09;65,12
Total;Tasa de variación anual;2022M08;70,28
Total;Tasa de variación anual;2022M07;106,67
Total;Tasa de variación anual;2022M06;238,31
Total;Tasa de variación anual;2022M05;412,66
Total;Tasa de variación anual;2022M04;870,48
Total;Tasa de variación anual;2022M03;722
Total;Tasa de variación anual;2022M02;1.015,64
Total;Tasa de variación anual;2022M01;471,14
Total;Tasa de variación anual;2021M12;354,17
Total;Tasa de variación anual;2021M11;635,95
Total;Tasa de variación anual;2021M10;404,4
Total;Tasa de variación anual;2021M09;313,04
Total;Tasa de variación anual;2021M08;112,89
Total;Tasa de variación anual;2021M07;78,47
Total;Tasa de variación anual;2021M06;985
Total;Tasa de variación anual;2021M05;..
Total;Tasa de variación anual;2021M04;..
Total;Tasa de variación anual;2021M03;-75,39
Total;Tasa de variación anual;2021M02;-93,56
Total;Tasa de variación anual;2021M01;-89,4
Total;Tasa de variación anual;2020M12;-84,92
Total;Tasa de variación anual;2020M11;-90,19
Total;Tasa de variación anual;2020M10;-86,55
Total;Tasa de variación anual;2020M09;-87,12
Total;Tasa de variación anual;2020M08;-75,88
Total;Tasa de variación anual;2020M07;-75,04
Total;Tasa de variación anual;2020M06;-97,69
Total;Tasa de variación anual;2020M05;-100
Total;Tasa de variación anual;2020M04;-100
Total;Tasa de variación anual;2020M03;-64,65
Total;Tasa de variación anual;2020M02;1,07
Total;Tasa de variación anual;2020M01;-1,49
Total;Tasa de variación anual;2019M12;-1,15
Total;Tasa de variación anual;2019M11;2,6
Total;Tasa de variación anual;2019M10;-0,81
Total;Tasa de variación anual;2019M09;-0,98
Total;Tasa de variación anual;2019M08;-0,56
Total;Tasa de variación anual;2019M07;-1,47
Total;Tasa de variación anual;2019M06;3,27
Total;Tasa de variación anual;2019M05;-2,06
Total;Tasa de variación anual;2019M04;5,39
Total;Tasa de variación anual;2019M03;4,75
Total;Tasa de variación anual;2019M02;3,85
Total;Tasa de variación anual;2019M01;2,17
Total;Tasa de variación anual;2018M12;9,35
Total;Tasa de variación anual;2018M11;3,29
Total;Tasa de variación anual;2018M10;5,23
Total;Tasa de variación anual;2018M09;0,62
Total;Tasa de variación anual;2018M08;-2,13
Total;Tasa de variación anual;2018M07;-4,51
Total;Tasa de variación anual;2018M06;1,45
Total;Tasa de variación anual;2018M05;1,04
Total;Tasa de variación anual;2018M04;-4,25
Total;Tasa de variación anual;2018M03;9,75
Total;Tasa de variación anual;2018M02;2,4
Total;Tasa de variación anual;2018M01;5,14
Total;Tasa de variación anual;2017M12;-0,2
Total;Tasa de variación anual;2017M11;7,18
Total;Tasa de variación anual;2017M10;1,85
Total;Tasa de variación anual;2017M09;11,91
Total;Tasa de variación anual;2017M08;3,69
Total;Tasa de variación anual;2017M07;9,93
Total;Tasa de variación anual;2017M06;11,64
Total;Tasa de variación anual;2017M05;12,54
Total;Tasa de variación anual;2017M04;16,35
Total;Tasa de variación anual;2017M03;6,2
Total;Tasa de variación anual;2017M02;11,97
Total;Tasa de variación anual;2017M01;10,75
Total;Tasa de variación anual;2016M12;13,59
Total;Tasa de variación anual;2016M11;9,15
Total;Tasa de variación anual;2016M10;10,97
Total;Tasa de variación anual;2016M09;9,52
Total;Tasa de variación anual;2016M08;6,34
Total;Tasa de variación anual;2016M07;9,99
Total;Tasa de variación anual;2016M06;12,89
Total;Tasa de variación anual;2016M05;8,19
Total;Tasa de variación anual;2016M04;11,59
Total;Tasa de variación anual;2016M03;15,45
Total;Tasa de variación anual;2016M02;13,95
Total;Tasa de variación anual;2016M01;11,04
Total;Tasa de variación anual;2015M12;7,92
Total;Tasa de variación anual;2015M11;10,56
Total;Tasa de variación anual;2015M10;8,89
Total;Acumulado en lo que va de año;2023M08;57.705.600
Total;Acumulado en lo que va de año;2023M07;47.628.867
Total;Acumulado en lo que va de año;2023M06;37.497.287
Total;Acumulado en lo que va de año;2023M05;29.178.962
Total;Acumulado en lo que va de año;2023M04;20.960.628
Total;Acumulado en lo que va de año;2023M03;13.725.573
Total;Acumulado en lo que va de año;2023M02;8.468.497
Total;Acumulado en lo que va de año;2023M01;4.147.345
Total;Acumulado en lo que va de año;2022M12;71.659.281
Total;Acumulado en lo que va de año;2022M11;67.531.989
Total;Acumulado en lo que va de año;2022M10;63.197.338
Total;Acumulado en lo que va de año;2022M09;56.020.354
Total;Acumulado en lo que va de año;2022M08;48.253.143
Total;Acumulado en lo que va de año;2022M07;39.404.478
Total;Acumulado en lo que va de año;2022M06;30.313.089
Total;Acumulado en lo que va de año;2022M05;22.814.932
Total;Acumulado en lo que va de año;2022M04;15.826.580
Total;Acumulado en lo que va de año;2022M03;9.720.263
Total;Acumulado en lo que va de año;2022M02;5.680.731
Total;Acumulado en lo que va de año;2022M01;2.501.443
Total;Acumulado en lo que va de año;2021M12;31.180.802
Total;Acumulado en lo que va de año;2021M11;28.233.277
Total;Acumulado en lo que va de año;2021M10;24.871.364
Total;Acumulado en lo que va de año;2021M09;19.722.543
Total;Acumulado en lo que va de año;2021M08;15.018.611
Total;Acumulado en lo que va de año;2021M07;9.822.091
Total;Acumulado en lo que va de año;2021M06;5.423.099
Total;Acumulado en lo que va de año;2021M05;3.206.743
Total;Acumulado en lo que va de año;2021M04;1.843.579
Total;Acumulado en lo que va de año;2021M03;1.214.373
Total;Acumulado en lo que va de año;2021M02;722.947
Total;Acumulado en lo que va de año;2021M01;437.973
Total;Acumulado en lo que va de año;2020M12;18.933.103
Total;Acumulado en lo que va de año;2020M11;18.284.113
Total;Acumulado en lo que va de año;2020M10;17.827.299
Total;Acumulado en lo que va de año;2020M09;16.806.526
Total;Acumulado en lo que va de año;2020M08;15.667.658
Total;Acumulado en lo que va de año;2020M07;13.226.680
Total;Acumulado en lo que va de año;2020M06;10.761.901
Total;Acumulado en lo que va de año;2020M05;10.557.629
Total;Acumulado en lo que va de año;2020M04;10.557.629
Total;Acumulado en lo que va de año;2020M03;10.557.629
Total;Acumulado en lo que va de año;2020M02;8.560.367
Total;Acumulado en lo que va de año;2020M01;4.133.024
Total;Acumulado en lo que va de año;2019M12;83.509.153
Total;Acumulado en lo que va de año;2019M11;79.204.413
Total;Acumulado en lo que va de año;2019M10;74.549.391
Total;Acumulado en lo que va de año;2019M09;66.961.642
Total;Acumulado en lo que va de año;2019M08;58.116.490
Total;Acumulado en lo que va de año;2019M07;47.998.124
Total;Acumulado en lo que va de año;2019M06;38.124.854
Total;Acumulado en lo que va de año;2019M05;29.290.961
Total;Acumulado en lo que va de año;2019M04;21.371.757
Total;Acumulado en lo que va de año;2019M03;14.225.723
Total;Acumulado en lo que va de año;2019M02;8.576.146
Total;Acumulado en lo que va de año;2019M01;4.195.641
Total;Acumulado en lo que va de año;2018M12;82.808.413
Total;Acumulado en lo que va de año;2018M11;78.453.616
Total;Acumulado en lo que va de año;2018M10;73.916.743
Total;Acumulado en lo que va de año;2018M09;66.266.882
Total;Acumulado en lo que va de año;2018M08;57.334.574
Total;Acumulado en lo que va de año;2018M07;47.158.813
Total;Acumulado en lo que va de año;2018M06;37.138.567
Total;Acumulado en lo que va de año;2018M05;28.584.261
Total;Acumulado en lo que va de año;2018M04;20.498.213
Total;Acumulado en lo que va de año;2018M03;13.717.834
Total;Acumulado en lo que va de año;2018M02;8.324.648
Total;Acumulado en lo que va de año;2018M01;4.106.601
Total;Acumulado en lo que va de año;2017M12;81.868.522
Total;Acumulado en lo que va de año;2017M11;77.885.991
Total;Acumulado en lo que va de año;2017M10;73.493.416
Total;Acumulado en lo que va de año;2017M09;66.223.486
Total;Acumulado en lo que va de año;2017M08;57.346.216
Total;Acumulado en lo que va de año;2017M07;46.948.471
Total;Acumulado en lo que va de año;2017M06;36.455.033
Total;Acumulado en lo que va de año;2017M05;28.023.059
Total;Acumulado en lo que va de año;2017M04;20.020.410
Total;Acumulado en lo que va de año;2017M03;12.938.816
Total;Acumulado en lo que va de año;2017M02;8.024.873
Total;Acumulado en lo que va de año;2017M01;3.905.736
Total;Acumulado en lo que va de año;2016M12;75.315.008
Total;Acumulado en lo que va de año;2016M11;71.324.562
Total;Acumulado en lo que va de año;2016M10;67.226.301
Total;Acumulado en lo que va de año;2016M09;60.088.578
Total;Acumulado en lo que va de año;2016M08;52.155.971
Total;Acumulado en lo que va de año;2016M07;42.128.500
Total;Acumulado en lo que va de año;2016M06;32.582.708
Total;Acumulado en lo que va de año;2016M05;25.029.951
Total;Acumulado en lo que va de año;2016M04;17.918.796
Total;Acumulado en lo que va de año;2016M03;11.832.469
Total;Acumulado en lo que va de año;2016M02;7.205.263
Total;Acumulado en lo que va de año;2016M01;3.526.537
Total;Acumulado en lo que va de año;2015M12;""
Total;Acumulado en lo que va de año;2015M11;""
Total;Acumulado en lo que va de año;2015M10;""
Total;Tasa de variación acumulada;2023M08;19,59
Total;Tasa de variación acumulada;2023M07;20,87
Total;Tasa de variación acumulada;2023M06;23,7
Total;Tasa de variación acumulada;2023M05;27,89
Total;Tasa de variación acumulada;2023M04;32,44
Total;Tasa de variación acumulada;2023M03;41,21
Total;Tasa de variación acumulada;2023M02;49,07
Total;Tasa de variación acumulada;2023M01;65,8
Total;Tasa de variación acumulada;2022M12;129,82
Total;Tasa de variación acumulada;2022M11;139,19
Total;Tasa de variación acumulada;2022M10;154,1
Total;Tasa de variación acumulada;2022M09;184,04
Total;Tasa de variación acumulada;2022M08;221,29
Total;Tasa de variación acumulada;2022M07;301,18
Total;Tasa de variación acumulada;2022M06;458,96
Total;Tasa de variación acumulada;2022M05;611,47
Total;Tasa de variación acumulada;2022M04;758,47
Total;Tasa de variación acumulada;2022M03;700,43
Total;Tasa de variación acumulada;2022M02;685,77
Total;Tasa de variación acumulada;2022M01;471,14
Total;Tasa de variación acumulada;2021M12;64,69
Total;Tasa de variación acumulada;2021M11;54,41
Total;Tasa de variación acumulada;2021M10;39,51
Total;Tasa de variación acumulada;2021M09;17,35
Total;Tasa de variación acumulada;2021M08;-4,14
Total;Tasa de variación acumulada;2021M07;-25,74
Total;Tasa de variación acumulada;2021M06;-49,61
Total;Tasa de variación acumulada;2021M05;-69,63
Total;Tasa de variación acumulada;2021M04;-82,54
Total;Tasa de variación acumulada;2021M03;-88,5
Total;Tasa de variación acumulada;2021M02;-91,55
Total;Tasa de variación acumulada;2021M01;-89,4
Total;Tasa de variación acumulada;2020M12;-77,33
Total;Tasa de variación acumulada;2020M11;-76,92
Total;Tasa de variación acumulada;2020M10;-76,09
Total;Tasa de variación acumulada;2020M09;-74,9
Total;Tasa de variación acumulada;2020M08;-73,04
Total;Tasa de variación acumulada;2020M07;-72,44
Total;Tasa de variación acumulada;2020M06;-71,77
Total;Tasa de variación acumulada;2020M05;-63,96
Total;Tasa de variación acumulada;2020M04;-50,6
Total;Tasa de variación acumulada;2020M03;-25,78
Total;Tasa de variación acumulada;2020M02;-0,18
Total;Tasa de variación acumulada;2020M01;-1,49
Total;Tasa de variación acumulada;2019M12;0,85
Total;Tasa de variación acumulada;2019M11;0,96
Total;Tasa de variación acumulada;2019M10;0,86
Total;Tasa de variación acumulada;2019M09;1,05
Total;Tasa de variación acumulada;2019M08;1,36
Total;Tasa de variación acumulada;2019M07;1,78
Total;Tasa de variación acumulada;2019M06;2,66
Total;Tasa de variación acumulada;2019M05;2,47
Total;Tasa de variación acumulada;2019M04;4,26
Total;Tasa de variación acumulada;2019M03;3,7
Total;Tasa de variación acumulada;2019M02;3,02
Total;Tasa de variación acumulada;2019M01;2,17
Total;Tasa de variación acumulada;2018M12;1,15
Total;Tasa de variación acumulada;2018M11;0,73
Total;Tasa de variación acumulada;2018M10;0,58
Total;Tasa de variación acumulada;2018M09;0,07
Total;Tasa de variación acumulada;2018M08;-0,02
Total;Tasa de variación acumulada;2018M07;0,45
Total;Tasa de variación acumulada;2018M06;1,88
Total;Tasa de variación acumulada;2018M05;2
Total;Tasa de variación acumulada;2018M04;2,39
Total;Tasa de variación acumulada;2018M03;6,02
Total;Tasa de variación acumulada;2018M02;3,74
Total;Tasa de variación acumulada;2018M01;5,14
Total;Tasa de variación acumulada;2017M12;8,7
Total;Tasa de variación acumulada;2017M11;9,2
Total;Tasa de variación acumulada;2017M10;9,32
Total;Tasa de variación acumulada;2017M09;10,21
Total;Tasa de variación acumulada;2017M08;9,95
Total;Tasa de variación acumulada;2017M07;11,44
Total;Tasa de variación acumulada;2017M06;11,88
Total;Tasa de variación acumulada;2017M05;11,96
Total;Tasa de variación acumulada;2017M04;11,73
Total;Tasa de variación acumulada;2017M03;9,35
Total;Tasa de variación acumulada;2017M02;11,38
Total;Tasa de variación acumulada;2017M01;10,75
Total;Tasa de variación acumulada;2016M12;10,46
Total;Tasa de variación acumulada;2016M11;10,29
Total;Tasa de variación acumulada;2016M10;10,36
Total;Tasa de variación acumulada;2016M09;10,29
Total;Tasa de variación acumulada;2016M08;10,41
Total;Tasa de variación acumulada;2016M07;11,42
Total;Tasa de variación acumulada;2016M06;11,85
Total;Tasa de variación acumulada;2016M05;11,54
Total;Tasa de variación acumulada;2016M04;12,93
Total;Tasa de variación acumulada;2016M03;13,64
Total;Tasa de variación acumulada;2016M02;12,5
Total;Tasa de variación acumulada;2016M01;11,04
Total;Tasa de variación acumulada;2015M12;""
Total;Tasa de variación acumulada;2015M11;""
Total;Tasa de variación acumulada;2015M10;""
Ocio, recreo y vacaciones;Dato base;2023M08;9.298.324
Ocio, recreo y vacaciones;Dato base;2023M07;9.206.309
Ocio, recreo y vacaciones;Dato base;2023M06;7.275.718
Ocio, recreo y vacaciones;Dato base;2023M05;7.170.926
Ocio, recreo y vacaciones;Dato base;2023M04;6.191.721
Ocio, recreo y vacaciones;Dato base;2023M03;4.285.278
Ocio, recreo y vacaciones;Dato base;2023M02;3.508.935
Ocio, recreo y vacaciones;Dato base;2023M01;3.420.779
Ocio, recreo y vacaciones;Dato base;2022M12;3.319.525
Ocio, recreo y vacaciones;Dato base;2022M11;3.554.483
Ocio, recreo y vacaciones;Dato base;2022M10;6.128.414
Ocio, recreo y vacaciones;Dato base;2022M09;6.863.955
Ocio, recreo y vacaciones;Dato base;2022M08;8.156.393
Ocio, recreo y vacaciones;Dato base;2022M07;8.304.492
Ocio, recreo y vacaciones;Dato base;2022M06;6.668.228
Ocio, recreo y vacaciones;Dato base;2022M05;5.931.285
Ocio, recreo y vacaciones;Dato base;2022M04;5.204.968
Ocio, recreo y vacaciones;Dato base;2022M03;3.358.283
Ocio, recreo y vacaciones;Dato base;2022M02;2.632.372
Ocio, recreo y vacaciones;Dato base;2022M01;2.009.257
Ocio, recreo y vacaciones;Dato base;2021M12;2.345.683
Ocio, recreo y vacaciones;Dato base;2021M11;2.815.695
Ocio, recreo y vacaciones;Dato base;2021M10;4.519.648
Ocio, recreo y vacaciones;Dato base;2021M09;4.161.869
Ocio, recreo y vacaciones;Dato base;2021M08;4.758.280
Ocio, recreo y vacaciones;Dato base;2021M07;3.871.103
Ocio, recreo y vacaciones;Dato base;2021M06;1.775.810
Ocio, recreo y vacaciones;Dato base;2021M05;1.006.187
Ocio, recreo y vacaciones;Dato base;2021M04;390.801
Ocio, recreo y vacaciones;Dato base;2021M03;267.565
Ocio, recreo y vacaciones;Dato base;2021M02;162.575
Ocio, recreo y vacaciones;Dato base;2021M01;274.925
Ocio, recreo y vacaciones;Dato base;2020M12;385.414
Ocio, recreo y vacaciones;Dato base;2020M11;295.647
Ocio, recreo y vacaciones;Dato base;2020M10;800.953
Ocio, recreo y vacaciones;Dato base;2020M09;902.587
Ocio, recreo y vacaciones;Dato base;2020M08;2.169.355
Ocio, recreo y vacaciones;Dato base;2020M07;2.122.117
Ocio, recreo y vacaciones;Dato base;2020M06;167.634
Ocio, recreo y vacaciones;Dato base;2020M05;0
Ocio, recreo y vacaciones;Dato base;2020M04;0
Ocio, recreo y vacaciones;Dato base;2020M03;1.657.119
Ocio, recreo y vacaciones;Dato base;2020M02;3.654.750
Ocio, recreo y vacaciones;Dato base;2020M01;3.377.951
Ocio, recreo y vacaciones;Dato base;2019M12;3.533.161
Ocio, recreo y vacaciones;Dato base;2019M11;3.815.851
Ocio, recreo y vacaciones;Dato base;2019M10;6.628.274
Ocio, recreo y vacaciones;Dato base;2019M09;7.947.555
Ocio, recreo y vacaciones;Dato base;2019M08;9.451.449
Ocio, recreo y vacaciones;Dato base;2019M07;8.975.647
Ocio, recreo y vacaciones;Dato base;2019M06;7.817.617
Ocio, recreo y vacaciones;Dato base;2019M05;6.917.988
Ocio, recreo y vacaciones;Dato base;2019M04;6.212.566
Ocio, recreo y vacaciones;Dato base;2019M03;4.685.301
Ocio, recreo y vacaciones;Dato base;2019M02;3.550.662
Ocio, recreo y vacaciones;Dato base;2019M01;3.440.353
Ocio, recreo y vacaciones;Dato base;2018M12;3.571.407
Ocio, recreo y vacaciones;Dato base;2018M11;3.763.368
Ocio, recreo y vacaciones;Dato base;2018M10;6.707.426
Ocio, recreo y vacaciones;Dato base;2018M09;7.987.061
Ocio, recreo y vacaciones;Dato base;2018M08;9.370.729
Ocio, recreo y vacaciones;Dato base;2018M07;9.070.322
Ocio, recreo y vacaciones;Dato base;2018M06;7.508.130
Ocio, recreo y vacaciones;Dato base;2018M05;7.149.584
Ocio, recreo y vacaciones;Dato base;2018M04;5.782.796
Ocio, recreo y vacaciones;Dato base;2018M03;4.341.659
Ocio, recreo y vacaciones;Dato base;2018M02;3.458.372
Ocio, recreo y vacaciones;Dato base;2018M01;3.462.200
Ocio, recreo y vacaciones;Dato base;2017M12;3.217.373
Ocio, recreo y vacaciones;Dato base;2017M11;3.676.581
Ocio, recreo y vacaciones;Dato base;2017M10;6.331.811
Ocio, recreo y vacaciones;Dato base;2017M09;7.949.343
Ocio, recreo y vacaciones;Dato base;2017M08;9.596.016
Ocio, recreo y vacaciones;Dato base;2017M07;9.427.961
Ocio, recreo y vacaciones;Dato base;2017M06;7.401.577
Ocio, recreo y vacaciones;Dato base;2017M05;6.895.568
Ocio, recreo y vacaciones;Dato base;2017M04;6.065.684
Ocio, recreo y vacaciones;Dato base;2017M03;3.995.086
Ocio, recreo y vacaciones;Dato base;2017M02;3.387.506
Ocio, recreo y vacaciones;Dato base;2017M01;3.142.597
Ocio, recreo y vacaciones;Dato base;2016M12;3.115.937
Ocio, recreo y vacaciones;Dato base;2016M11;3.251.951
Ocio, recreo y vacaciones;Dato base;2016M10;6.100.455
Ocio, recreo y vacaciones;Dato base;2016M09;7.057.857
Ocio, recreo y vacaciones;Dato base;2016M08;9.296.900
Ocio, recreo y vacaciones;Dato base;2016M07;8.664.754
Ocio, recreo y vacaciones;Dato base;2016M06;6.591.364
Ocio, recreo y vacaciones;Dato base;2016M05;6.078.190
Ocio, recreo y vacaciones;Dato base;2016M04;4.921.015
Ocio, recreo y vacaciones;Dato base;2016M03;3.747.057
Ocio, recreo y vacaciones;Dato base;2016M02;2.814.264
Ocio, recreo y vacaciones;Dato base;2016M01;2.671.999
Ocio, recreo y vacaciones;Dato base;2015M12;2.631.906
Ocio, recreo y vacaciones;Dato base;2015M11;2.926.298
Ocio, recreo y vacaciones;Dato base;2015M10;5.311.088
Ocio, recreo y vacaciones;Tasa de variación anual;2023M08;14
Ocio, recreo y vacaciones;Tasa de variación anual;2023M07;10,86
Ocio, recreo y vacaciones;Tasa de variación anual;2023M06;9,11
Ocio, recreo y vacaciones;Tasa de variación anual;2023M05;20,9
Ocio, recreo y vacaciones;Tasa de variación anual;2023M04;18,96
Ocio, recreo y vacaciones;Tasa de variación anual;2023M03;27,6
Ocio, recreo y vacaciones;Tasa de variación anual;2023M02;33,3
Ocio, recreo y vacaciones;Tasa de variación anual;2023M01;70,25
Ocio, recreo y vacaciones;Tasa de variación anual;2022M12;41,52
Ocio, recreo y vacaciones;Tasa de variación anual;2022M11;26,24
Ocio, recreo y vacaciones;Tasa de variación anual;2022M10;35,59
Ocio, recreo y vacaciones;Tasa de variación anual;2022M09;64,92
Ocio, recreo y vacaciones;Tasa de variación anual;2022M08;71,41
Ocio, recreo y vacaciones;Tasa de variación anual;2022M07;114,53
Ocio, recreo y vacaciones;Tasa de variación anual;2022M06;275,5
Ocio, recreo y vacaciones;Tasa de variación anual;2022M05;489,48
Ocio, recreo y vacaciones;Tasa de variación anual;2022M04;1.231,87
Ocio, recreo y vacaciones;Tasa de variación anual;2022M03;1.155,13
Ocio, recreo y vacaciones;Tasa de variación anual;2022M02;1.519,18
Ocio, recreo y vacaciones;Tasa de variación anual;2022M01;630,84
Ocio, recreo y vacaciones;Tasa de variación anual;2021M12;508,61
Ocio, recreo y vacaciones;Tasa de variación anual;2021M11;852,39
Ocio, recreo y vacaciones;Tasa de variación anual;2021M10;464,28
Ocio, recreo y vacaciones;Tasa de variación anual;2021M09;361,1
Ocio, recreo y vacaciones;Tasa de variación anual;2021M08;119,34
Ocio, recreo y vacaciones;Tasa de variación anual;2021M07;82,42
Ocio, recreo y vacaciones;Tasa de variación anual;2021M06;959,34
Ocio, recreo y vacaciones;Tasa de variación anual;2021M05;..
Ocio, recreo y vacaciones;Tasa de variación anual;2021M04;..
Ocio, recreo y vacaciones;Tasa de variación anual;2021M03;-83,85
Ocio, recreo y vacaciones;Tasa de variación anual;2021M02;-95,55
Ocio, recreo y vacaciones;Tasa de variación anual;2021M01;-91,86
Ocio, recreo y vacaciones;Tasa de variación anual;2020M12;-89,09
Ocio, recreo y vacaciones;Tasa de variación anual;2020M11;-92,25
Ocio, recreo y vacaciones;Tasa de variación anual;2020M10;-87,92
Ocio, recreo y vacaciones;Tasa de variación anual;2020M09;-88,64
Ocio, recreo y vacaciones;Tasa de variación anual;2020M08;-77,05
Ocio, recreo y vacaciones;Tasa de variación anual;2020M07;-76,36
Ocio, recreo y vacaciones;Tasa de variación anual;2020M06;-97,86
Ocio, recreo y vacaciones;Tasa de variación anual;2020M05;-100
Ocio, recreo y vacaciones;Tasa de variación anual;2020M04;-100
Ocio, recreo y vacaciones;Tasa de variación anual;2020M03;-64,63
Ocio, recreo y vacaciones;Tasa de variación anual;2020M02;2,93
Ocio, recreo y vacaciones;Tasa de variación anual;2020M01;-1,81
Ocio, recreo y vacaciones;Tasa de variación anual;2019M12;-1,07
Ocio, recreo y vacaciones;Tasa de variación anual;2019M11;1,39
Ocio, recreo y vacaciones;Tasa de variación anual;2019M10;-1,18
Ocio, recreo y vacaciones;Tasa de variación anual;2019M09;-0,49
Ocio, recreo y vacaciones;Tasa de variación anual;2019M08;0,86
Ocio, recreo y vacaciones;Tasa de variación anual;2019M07;-1,04
Ocio, recreo y vacaciones;Tasa de variación anual;2019M06;4,12
Ocio, recreo y vacaciones;Tasa de variación anual;2019M05;-3,24
Ocio, recreo y vacaciones;Tasa de variación anual;2019M04;7,43
Ocio, recreo y vacaciones;Tasa de variación anual;2019M03;7,91
Ocio, recreo y vacaciones;Tasa de variación anual;2019M02;2,67
Ocio, recreo y vacaciones;Tasa de variación anual;2019M01;-0,63
Ocio, recreo y vacaciones;Tasa de variación anual;2018M12;11
Ocio, recreo y vacaciones;Tasa de variación anual;2018M11;2,36
Ocio, recreo y vacaciones;Tasa de variación anual;2018M10;5,93
Ocio, recreo y vacaciones;Tasa de variación anual;2018M09;0,47
Ocio, recreo y vacaciones;Tasa de variación anual;2018M08;-2,35
Ocio, recreo y vacaciones;Tasa de variación anual;2018M07;-3,79
Ocio, recreo y vacaciones;Tasa de variación anual;2018M06;1,44
Ocio, recreo y vacaciones;Tasa de variación anual;2018M05;3,68
Ocio, recreo y vacaciones;Tasa de variación anual;2018M04;-4,66
Ocio, recreo y vacaciones;Tasa de variación anual;2018M03;8,67
Ocio, recreo y vacaciones;Tasa de variación anual;2018M02;2,09
Ocio, recreo y vacaciones;Tasa de variación anual;2018M01;10,17
Ocio, recreo y vacaciones;Tasa de variación anual;2017M12;3,26
Ocio, recreo y vacaciones;Tasa de variación anual;2017M11;13,06
Ocio, recreo y vacaciones;Tasa de variación anual;2017M10;3,79
Ocio, recreo y vacaciones;Tasa de variación anual;2017M09;12,63
Ocio, recreo y vacaciones;Tasa de variación anual;2017M08;3,22
Ocio, recreo y vacaciones;Tasa de variación anual;2017M07;8,81
Ocio, recreo y vacaciones;Tasa de variación anual;2017M06;12,29
Ocio, recreo y vacaciones;Tasa de variación anual;2017M05;13,45
Ocio, recreo y vacaciones;Tasa de variación anual;2017M04;23,26
Ocio, recreo y vacaciones;Tasa de variación anual;2017M03;6,62
Ocio, recreo y vacaciones;Tasa de variación anual;2017M02;20,37
Ocio, recreo y vacaciones;Tasa de variación anual;2017M01;17,61
Ocio, recreo y vacaciones;Tasa de variación anual;2016M12;18,39
Ocio, recreo y vacaciones;Tasa de variación anual;2016M11;11,13
Ocio, recreo y vacaciones;Tasa de variación anual;2016M10;14,86
Ocio, recreo y vacaciones;Tasa de variación anual;2016M09;11,16
Ocio, recreo y vacaciones;Tasa de variación anual;2016M08;7,53
Ocio, recreo y vacaciones;Tasa de variación anual;2016M07;10,64
Ocio, recreo y vacaciones;Tasa de variación anual;2016M06;11,13
Ocio, recreo y vacaciones;Tasa de variación anual;2016M05;6,01
Ocio, recreo y vacaciones;Tasa de variación anual;2016M04;8,82
Ocio, recreo y vacaciones;Tasa de variación anual;2016M03;17,97
Ocio, recreo y vacaciones;Tasa de variación anual;2016M02;8,19
Ocio, recreo y vacaciones;Tasa de variación anual;2016M01;5,02
Ocio, recreo y vacaciones;Tasa de variación anual;2015M12;-1,39
Ocio, recreo y vacaciones;Tasa de variación anual;2015M11;3,98
Ocio, recreo y vacaciones;Tasa de variación anual;2015M10;4,48
Ocio, recreo y vacaciones;Acumulado en lo que va de año;2023M08;50.357.990
Ocio, recreo y vacaciones;Acumulado en lo que va de año;2023M07;41.059.666
Ocio, recreo y vacaciones;Acumulado en lo que va de año;2023M06;31.853.357
Ocio, recreo y vacaciones;Acumulado en lo que va de año;2023M05;24.577.639
Ocio, recreo y vacaciones;Acumulado en lo que va de año;2023M04;17.406.713
Ocio, recreo y vacaciones;Acumulado en lo que va de año;2023M03;11.214.991
Ocio, recreo y vacaciones;Acumulado en lo que va de año;2023M02;6.929.714
Ocio, recreo y vacaciones;Acumulado en lo que va de año;2023M01;3.420.779
Ocio, recreo y vacaciones;Acumulado en lo que va de año;2022M12;62.131.655
Ocio, recreo y vacaciones;Acumulado en lo que va de año;2022M11;58.812.130
Ocio, recreo y vacaciones;Acumulado en lo que va de año;2022M10;55.257.647
Ocio, recreo y vacaciones;Acumulado en lo que va de año;2022M09;49.129.233
Ocio, recreo y vacaciones;Acumulado en lo que va de año;2022M08;42.265.279
Ocio, recreo y vacaciones;Acumulado en lo que va de año;2022M07;34.108.886
Ocio, recreo y vacaciones;Acumulado en lo que va de año;2022M06;25.804.394
Ocio, recreo y vacaciones;Acumulado en lo que va de año;2022M05;19.136.166
Ocio, recreo y vacaciones;Acumulado en lo que va de año;2022M04;13.204.881
Ocio, recreo y vacaciones;Acumulado en lo que va de año;2022M03;7.999.912
Ocio, recreo y vacaciones;Acumulado en lo que va de año;2022M02;4.641.629
Ocio, recreo y vacaciones;Acumulado en lo que va de año;2022M01;2.009.257
Ocio, recreo y vacaciones;Acumulado en lo que va de año;2021M12;26.350.140
Ocio, recreo y vacaciones;Acumulado en lo que va de año;2021M11;24.004.457
Ocio, recreo y vacaciones;Acumulado en lo que va de año;2021M10;21.188.763
Ocio, recreo y vacaciones;Acumulado en lo que va de año;2021M09;16.669.114
Ocio, recreo y vacaciones;Acumulado en lo que va de año;2021M08;12.507.246
Ocio, recreo y vacaciones;Acumulado en lo que va de año;2021M07;7.748.966
Ocio, recreo y vacaciones;Acumulado en lo que va de año;2021M06;3.877.864
Ocio, recreo y vacaciones;Acumulado en lo que va de año;2021M05;2.102.054
Ocio, recreo y vacaciones;Acumulado en lo que va de año;2021M04;1.095.867
Ocio, recreo y vacaciones;Acumulado en lo que va de año;2021M03;705.065
Ocio, recreo y vacaciones;Acumulado en lo que va de año;2021M02;437.500
Ocio, recreo y vacaciones;Acumulado en lo que va de año;2021M01;274.925
Ocio, recreo y vacaciones;Acumulado en lo que va de año;2020M12;15.533.526
Ocio, recreo y vacaciones;Acumulado en lo que va de año;2020M11;15.148.112
Ocio, recreo y vacaciones;Acumulado en lo que va de año;2020M10;14.852.465
Ocio, recreo y vacaciones;Acumulado en lo que va de año;2020M09;14.051.513
Ocio, recreo y vacaciones;Acumulado en lo que va de año;2020M08;13.148.925
Ocio, recreo y vacaciones;Acumulado en lo que va de año;2020M07;10.979.570
Ocio, recreo y vacaciones;Acumulado en lo que va de año;2020M06;8.857.453
Ocio, recreo y vacaciones;Acumulado en lo que va de año;2020M05;8.689.820
Ocio, recreo y vacaciones;Acumulado en lo que va de año;2020M04;8.689.820
Ocio, recreo y vacaciones;Acumulado en lo que va de año;2020M03;8.689.820
Ocio, recreo y vacaciones;Acumulado en lo que va de año;2020M02;7.032.701
Ocio, recreo y vacaciones;Acumulado en lo que va de año;2020M01;3.377.951
Ocio, recreo y vacaciones;Acumulado en lo que va de año;2019M12;72.976.423
Ocio, recreo y vacaciones;Acumulado en lo que va de año;2019M11;69.443.262
Ocio, recreo y vacaciones;Acumulado en lo que va de año;2019M10;65.627.411
Ocio, recreo y vacaciones;Acumulado en lo que va de año;2019M09;58.999.137
Ocio, recreo y vacaciones;Acumulado en lo que va de año;2019M08;51.051.583
Ocio, recreo y vacaciones;Acumulado en lo que va de año;2019M07;41.600.133
Ocio, recreo y vacaciones;Acumulado en lo que va de año;2019M06;32.624.486
Ocio, recreo y vacaciones;Acumulado en lo que va de año;2019M05;24.806.870
Ocio, recreo y vacaciones;Acumulado en lo que va de año;2019M04;17.888.882
Ocio, recreo y vacaciones;Acumulado en lo que va de año;2019M03;11.676.316
Ocio, recreo y vacaciones;Acumulado en lo que va de año;2019M02;6.991.015
Ocio, recreo y vacaciones;Acumulado en lo que va de año;2019M01;3.440.353
Ocio, recreo y vacaciones;Acumulado en lo que va de año;2018M12;72.173.054
Ocio, recreo y vacaciones;Acumulado en lo que va de año;2018M11;68.601.647
Ocio, recreo y vacaciones;Acumulado en lo que va de año;2018M10;64.838.279
Ocio, recreo y vacaciones;Acumulado en lo que va de año;2018M09;58.130.853
Ocio, recreo y vacaciones;Acumulado en lo que va de año;2018M08;50.143.792
Ocio, recreo y vacaciones;Acumulado en lo que va de año;2018M07;40.773.063
Ocio, recreo y vacaciones;Acumulado en lo que va de año;2018M06;31.702.741
Ocio, recreo y vacaciones;Acumulado en lo que va de año;2018M05;24.194.611
Ocio, recreo y vacaciones;Acumulado en lo que va de año;2018M04;17.045.027
Ocio, recreo y vacaciones;Acumulado en lo que va de año;2018M03;11.262.231
Ocio, recreo y vacaciones;Acumulado en lo que va de año;2018M02;6.920.572
Ocio, recreo y vacaciones;Acumulado en lo que va de año;2018M01;3.462.200
Ocio, recreo y vacaciones;Acumulado en lo que va de año;2017M12;71.087.103
Ocio, recreo y vacaciones;Acumulado en lo que va de año;2017M11;67.869.730
Ocio, recreo y vacaciones;Acumulado en lo que va de año;2017M10;64.193.148
Ocio, recreo y vacaciones;Acumulado en lo que va de año;2017M09;57.861.337
Ocio, recreo y vacaciones;Acumulado en lo que va de año;2017M08;49.911.995
Ocio, recreo y vacaciones;Acumulado en lo que va de año;2017M07;40.315.979
Ocio, recreo y vacaciones;Acumulado en lo que va de año;2017M06;30.888.018
Ocio, recreo y vacaciones;Acumulado en lo que va de año;2017M05;23.486.441
Ocio, recreo y vacaciones;Acumulado en lo que va de año;2017M04;16.590.874
Ocio, recreo y vacaciones;Acumulado en lo que va de año;2017M03;10.525.190
Ocio, recreo y vacaciones;Acumulado en lo que va de año;2017M02;6.530.103
Ocio, recreo y vacaciones;Acumulado en lo que va de año;2017M01;3.142.597
Ocio, recreo y vacaciones;Acumulado en lo que va de año;2016M12;64.311.744
Ocio, recreo y vacaciones;Acumulado en lo que va de año;2016M11;61.195.806
Ocio, recreo y vacaciones;Acumulado en lo que va de año;2016M10;57.943.855
Ocio, recreo y vacaciones;Acumulado en lo que va de año;2016M09;51.843.400
Ocio, recreo y vacaciones;Acumulado en lo que va de año;2016M08;44.785.543
Ocio, recreo y vacaciones;Acumulado en lo que va de año;2016M07;35.488.643
Ocio, recreo y vacaciones;Acumulado en lo que va de año;2016M06;26.823.889
Ocio, recreo y vacaciones;Acumulado en lo que va de año;2016M05;20.232.525
Ocio, recreo y vacaciones;Acumulado en lo que va de año;2016M04;14.154.335
Ocio, recreo y vacaciones;Acumulado en lo que va de año;2016M03;9.233.320
Ocio, recreo y vacaciones;Acumulado en lo que va de año;2016M02;5.486.263
Ocio, recreo y vacaciones;Acumulado en lo que va de año;2016M01;2.671.999
Ocio, recreo y vacaciones;Acumulado en lo que va de año;2015M12;""
Ocio, recreo y vacaciones;Acumulado en lo que va de año;2015M11;""
Ocio, recreo y vacaciones;Acumulado en lo que va de año;2015M10;""
Ocio, recreo y vacaciones;Tasa de variación acumulada;2023M08;19,15
Ocio, recreo y vacaciones;Tasa de variación acumulada;2023M07;20,38
Ocio, recreo y vacaciones;Tasa de variación acumulada;2023M06;23,44
Ocio, recreo y vacaciones;Tasa de variación acumulada;2023M05;28,44
Ocio, recreo y vacaciones;Tasa de variación acumulada;2023M04;31,82
Ocio, recreo y vacaciones;Tasa de variación acumulada;2023M03;40,19
Ocio, recreo y vacaciones;Tasa de variación acumulada;2023M02;49,29
Ocio, recreo y vacaciones;Tasa de variación acumulada;2023M01;70,25
Ocio, recreo y vacaciones;Tasa de variación acumulada;2022M12;135,79
Ocio, recreo y vacaciones;Tasa de variación acumulada;2022M11;145,01
Ocio, recreo y vacaciones;Tasa de variación acumulada;2022M10;160,79
Ocio, recreo y vacaciones;Tasa de variación acumulada;2022M09;194,73
Ocio, recreo y vacaciones;Tasa de variación acumulada;2022M08;237,93
Ocio, recreo y vacaciones;Tasa de variación acumulada;2022M07;340,17
Ocio, recreo y vacaciones;Tasa de variación acumulada;2022M06;565,43
Ocio, recreo y vacaciones;Tasa de variación acumulada;2022M05;810,36
Ocio, recreo y vacaciones;Tasa de variación acumulada;2022M04;1.104,97
Ocio, recreo y vacaciones;Tasa de variación acumulada;2022M03;1.034,63
Ocio, recreo y vacaciones;Tasa de variación acumulada;2022M02;960,94
Ocio, recreo y vacaciones;Tasa de variación acumulada;2022M01;630,84
Ocio, recreo y vacaciones;Tasa de variación acumulada;2021M12;69,63
Ocio, recreo y vacaciones;Tasa de variación acumulada;2021M11;58,47
Ocio, recreo y vacaciones;Tasa de variación acumulada;2021M10;42,66
Ocio, recreo y vacaciones;Tasa de variación acumulada;2021M09;18,63
Ocio, recreo y vacaciones;Tasa de variación acumulada;2021M08;-4,88
Ocio, recreo y vacaciones;Tasa de variación acumulada;2021M07;-29,42
Ocio, recreo y vacaciones;Tasa de variación acumulada;2021M06;-56,22
Ocio, recreo y vacaciones;Tasa de variación acumulada;2021M05;-75,81
Ocio, recreo y vacaciones;Tasa de variación acumulada;2021M04;-87,39
Ocio, recreo y vacaciones;Tasa de variación acumulada;2021M03;-91,89
Ocio, recreo y vacaciones;Tasa de variación acumulada;2021M02;-93,78
Ocio, recreo y vacaciones;Tasa de variación acumulada;2021M01;-91,86
Ocio, recreo y vacaciones;Tasa de variación acumulada;2020M12;-78,71
Ocio, recreo y vacaciones;Tasa de variación acumulada;2020M11;-78,19
Ocio, recreo y vacaciones;Tasa de variación acumulada;2020M10;-77,37
Ocio, recreo y vacaciones;Tasa de variación acumulada;2020M09;-76,18
Ocio, recreo y vacaciones;Tasa de variación acumulada;2020M08;-74,24
Ocio, recreo y vacaciones;Tasa de variación acumulada;2020M07;-73,61
Ocio, recreo y vacaciones;Tasa de variación acumulada;2020M06;-72,85
Ocio, recreo y vacaciones;Tasa de variación acumulada;2020M05;-64,97
Ocio, recreo y vacaciones;Tasa de variación acumulada;2020M04;-51,42
Ocio, recreo y vacaciones;Tasa de variación acumulada;2020M03;-25,58
Ocio, recreo y vacaciones;Tasa de variación acumulada;2020M02;0,6
Ocio, recreo y vacaciones;Tasa de variación acumulada;2020M01;-1,81
Ocio, recreo y vacaciones;Tasa de variación acumulada;2019M12;1,11
Ocio, recreo y vacaciones;Tasa de variación acumulada;2019M11;1,23
Ocio, recreo y vacaciones;Tasa de variación acumulada;2019M10;1,22
Ocio, recreo y vacaciones;Tasa de variación acumulada;2019M09;1,49
Ocio, recreo y vacaciones;Tasa de variación acumulada;2019M08;1,81
Ocio, recreo y vacaciones;Tasa de variación acumulada;2019M07;2,03
Ocio, recreo y vacaciones;Tasa de variación acumulada;2019M06;2,91
Ocio, recreo y vacaciones;Tasa de variación acumulada;2019M05;2,53
Ocio, recreo y vacaciones;Tasa de variación acumulada;2019M04;4,95
Ocio, recreo y vacaciones;Tasa de variación acumulada;2019M03;3,68
Ocio, recreo y vacaciones;Tasa de variación acumulada;2019M02;1,02
Ocio, recreo y vacaciones;Tasa de variación acumulada;2019M01;-0,63
Ocio, recreo y vacaciones;Tasa de variación acumulada;2018M12;1,53
Ocio, recreo y vacaciones;Tasa de variación acumulada;2018M11;1,08
Ocio, recreo y vacaciones;Tasa de variación acumulada;2018M10;1
Ocio, recreo y vacaciones;Tasa de variación acumulada;2018M09;0,47
Ocio, recreo y vacaciones;Tasa de variación acumulada;2018M08;0,46
Ocio, recreo y vacaciones;Tasa de variación acumulada;2018M07;1,13
Ocio, recreo y vacaciones;Tasa de variación acumulada;2018M06;2,64
Ocio, recreo y vacaciones;Tasa de variación acumulada;2018M05;3,02
Ocio, recreo y vacaciones;Tasa de variación acumulada;2018M04;2,74
Ocio, recreo y vacaciones;Tasa de variación acumulada;2018M03;7
Ocio, recreo y vacaciones;Tasa de variación acumulada;2018M02;5,98
Ocio, recreo y vacaciones;Tasa de variación acumulada;2018M01;10,17
Ocio, recreo y vacaciones;Tasa de variación acumulada;2017M12;10,54
Ocio, recreo y vacaciones;Tasa de variación acumulada;2017M11;10,91
Ocio, recreo y vacaciones;Tasa de variación acumulada;2017M10;10,79
Ocio, recreo y vacaciones;Tasa de variación acumulada;2017M09;11,61
Ocio, recreo y vacaciones;Tasa de variación acumulada;2017M08;11,45
Ocio, recreo y vacaciones;Tasa de variación acumulada;2017M07;13,6
Ocio, recreo y vacaciones;Tasa de variación acumulada;2017M06;15,15
Ocio, recreo y vacaciones;Tasa de variación acumulada;2017M05;16,08
Ocio, recreo y vacaciones;Tasa de variación acumulada;2017M04;17,21
Ocio, recreo y vacaciones;Tasa de variación acumulada;2017M03;13,99
Ocio, recreo y vacaciones;Tasa de variación acumulada;2017M02;19,03
Ocio, recreo y vacaciones;Tasa de variación acumulada;2017M01;17,61
Ocio, recreo y vacaciones;Tasa de variación acumulada;2016M12;10,49
Ocio, recreo y vacaciones;Tasa de variación acumulada;2016M11;10,12
Ocio, recreo y vacaciones;Tasa de variación acumulada;2016M10;10,06
Ocio, recreo y vacaciones;Tasa de variación acumulada;2016M09;9,52
Ocio, recreo y vacaciones;Tasa de variación acumulada;2016M08;9,27
Ocio, recreo y vacaciones;Tasa de variación acumulada;2016M07;9,74
Ocio, recreo y vacaciones;Tasa de variación acumulada;2016M06;9,45
Ocio, recreo y vacaciones;Tasa de variación acumulada;2016M05;8,91
Ocio, recreo y vacaciones;Tasa de variación acumulada;2016M04;10,2
Ocio, recreo y vacaciones;Tasa de variación acumulada;2016M03;10,96
Ocio, recreo y vacaciones;Tasa de variación acumulada;2016M02;6,62
Ocio, recreo y vacaciones;Tasa de variación acumulada;2016M01;5,02
Ocio, recreo y vacaciones;Tasa de variación acumulada;2015M12;""
Ocio, recreo y vacaciones;Tasa de variación acumulada;2015M11;""
Ocio, recreo y vacaciones;Tasa de variación acumulada;2015M10;""
Negocio, motivos profesionales;Dato base;2023M08;152.630
Negocio, motivos profesionales;Dato base;2023M07;318.452
Negocio, motivos profesionales;Dato base;2023M06;478.211
Negocio, motivos profesionales;Dato base;2023M05;438.618
Negocio, motivos profesionales;Dato base;2023M04;414.727
Negocio, motivos profesionales;Dato base;2023M03;457.535
Negocio, motivos profesionales;Dato base;2023M02;376.394
Negocio, motivos profesionales;Dato base;2023M01;267.551
Negocio, motivos profesionales;Dato base;2022M12;282.800
Negocio, motivos profesionales;Dato base;2022M11;424.499
Negocio, motivos profesionales;Dato base;2022M10;552.119
Negocio, motivos profesionales;Dato base;2022M09;491.244
Negocio, motivos profesionales;Dato base;2022M08;230.308
Negocio, motivos profesionales;Dato base;2022M07;298.116
Negocio, motivos profesionales;Dato base;2022M06;430.281
Negocio, motivos profesionales;Dato base;2022M05;542.405
Negocio, motivos profesionales;Dato base;2022M04;417.369
Negocio, motivos profesionales;Dato base;2022M03;366.007
Negocio, motivos profesionales;Dato base;2022M02;227.395
Negocio, motivos profesionales;Dato base;2022M01;148.350
Negocio, motivos profesionales;Dato base;2021M12;220.570
Negocio, motivos profesionales;Dato base;2021M11;252.041
Negocio, motivos profesionales;Dato base;2021M10;290.320
Negocio, motivos profesionales;Dato base;2021M09;256.046
Negocio, motivos profesionales;Dato base;2021M08;110.660
Negocio, motivos profesionales;Dato base;2021M07;181.782
Negocio, motivos profesionales;Dato base;2021M06;190.247
Negocio, motivos profesionales;Dato base;2021M05;180.473
Negocio, motivos profesionales;Dato base;2021M04;133.412
Negocio, motivos profesionales;Dato base;2021M03;134.405
Negocio, motivos profesionales;Dato base;2021M02;65.992
Negocio, motivos profesionales;Dato base;2021M01;60.272
Negocio, motivos profesionales;Dato base;2020M12;103.055
Negocio, motivos profesionales;Dato base;2020M11;80.992
Negocio, motivos profesionales;Dato base;2020M10;70.468
Negocio, motivos profesionales;Dato base;2020M09;74.877
Negocio, motivos profesionales;Dato base;2020M08;45.800
Negocio, motivos profesionales;Dato base;2020M07;97.400
Negocio, motivos profesionales;Dato base;2020M06;12.680
Negocio, motivos profesionales;Dato base;2020M05;0
Negocio, motivos profesionales;Dato base;2020M04;0
Negocio, motivos profesionales;Dato base;2020M03;137.113
Negocio, motivos profesionales;Dato base;2020M02;353.616
Negocio, motivos profesionales;Dato base;2020M01;370.060
Negocio, motivos profesionales;Dato base;2019M12;384.744
Negocio, motivos profesionales;Dato base;2019M11;490.102
Negocio, motivos profesionales;Dato base;2019M10;577.666
Negocio, motivos profesionales;Dato base;2019M09;514.014
Negocio, motivos profesionales;Dato base;2019M08;186.837
Negocio, motivos profesionales;Dato base;2019M07;425.815
Negocio, motivos profesionales;Dato base;2019M06;589.064
Negocio, motivos profesionales;Dato base;2019M05;544.991
Negocio, motivos profesionales;Dato base;2019M04;440.058
Negocio, motivos profesionales;Dato base;2019M03;487.217
Negocio, motivos profesionales;Dato base;2019M02;426.478
Negocio, motivos profesionales;Dato base;2019M01;342.198
Negocio, motivos profesionales;Dato base;2018M12;321.116
Negocio, motivos profesionales;Dato base;2018M11;445.118
Negocio, motivos profesionales;Dato base;2018M10;525.779
Negocio, motivos profesionales;Dato base;2018M09;507.364
Negocio, motivos profesionales;Dato base;2018M08;165.191
Negocio, motivos profesionales;Dato base;2018M07;337.017
Negocio, motivos profesionales;Dato base;2018M06;492.467
Negocio, motivos profesionales;Dato base;2018M05;422.922
Negocio, motivos profesionales;Dato base;2018M04;514.279
Negocio, motivos profesionales;Dato base;2018M03;586.826
Negocio, motivos profesionales;Dato base;2018M02;435.131
Negocio, motivos profesionales;Dato base;2018M01;270.147
Negocio, motivos profesionales;Dato base;2017M12;343.303
Negocio, motivos profesionales;Dato base;2017M11;378.712
Negocio, motivos profesionales;Dato base;2017M10;490.368
Negocio, motivos profesionales;Dato base;2017M09;512.468
Negocio, motivos profesionales;Dato base;2017M08;167.352
Negocio, motivos profesionales;Dato base;2017M07;355.118
Negocio, motivos profesionales;Dato base;2017M06;502.206
Negocio, motivos profesionales;Dato base;2017M05;493.965
Negocio, motivos profesionales;Dato base;2017M04;363.773
Negocio, motivos profesionales;Dato base;2017M03;444.136
Negocio, motivos profesionales;Dato base;2017M02;346.003
Negocio, motivos profesionales;Dato base;2017M01;323.058
Negocio, motivos profesionales;Dato base;2016M12;338.164
Negocio, motivos profesionales;Dato base;2016M11;416.829
Negocio, motivos profesionales;Dato base;2016M10;545.652
Negocio, motivos profesionales;Dato base;2016M09;396.444
Negocio, motivos profesionales;Dato base;2016M08;122.373
Negocio, motivos profesionales;Dato base;2016M07;303.483
Negocio, motivos profesionales;Dato base;2016M06;442.129
Negocio, motivos profesionales;Dato base;2016M05;478.728
Negocio, motivos profesionales;Dato base;2016M04;459.199
Negocio, motivos profesionales;Dato base;2016M03;387.761
Negocio, motivos profesionales;Dato base;2016M02;441.059
Negocio, motivos profesionales;Dato base;2016M01;347.876
Negocio, motivos profesionales;Dato base;2015M12;301.888
Negocio, motivos profesionales;Dato base;2015M11;393.014
Negocio, motivos profesionales;Dato base;2015M10;469.568
Negocio, motivos profesionales;Tasa de variación anual;2023M08;-33,73
Negocio, motivos profesionales;Tasa de variación anual;2023M07;6,82
Negocio, motivos profesionales;Tasa de variación anual;2023M06;11,14
Negocio, motivos profesionales;Tasa de variación anual;2023M05;-19,13
Negocio, motivos profesionales;Tasa de variación anual;2023M04;-0,63
Negocio, motivos profesionales;Tasa de variación anual;2023M03;25,01
Negocio, motivos profesionales;Tasa de variación anual;2023M02;65,52
Negocio, motivos profesionales;Tasa de variación anual;2023M01;80,35
Negocio, motivos profesionales;Tasa de variación anual;2022M12;28,21
Negocio, motivos profesionales;Tasa de variación anual;2022M11;68,42
Negocio, motivos profesionales;Tasa de variación anual;2022M10;90,18
Negocio, motivos profesionales;Tasa de variación anual;2022M09;91,86
Negocio, motivos profesionales;Tasa de variación anual;2022M08;108,12
Negocio, motivos profesionales;Tasa de variación anual;2022M07;64
Negocio, motivos profesionales;Tasa de variación anual;2022M06;126,17
Negocio, motivos profesionales;Tasa de variación anual;2022M05;200,55
Negocio, motivos profesionales;Tasa de variación anual;2022M04;212,84
Negocio, motivos profesionales;Tasa de variación anual;2022M03;172,32
Negocio, motivos profesionales;Tasa de variación anual;2022M02;244,58
Negocio, motivos profesionales;Tasa de variación anual;2022M01;146,14
Negocio, motivos profesionales;Tasa de variación anual;2021M12;114,03
Negocio, motivos profesionales;Tasa de variación anual;2021M11;211,19
Negocio, motivos profesionales;Tasa de variación anual;2021M10;311,99
Negocio, motivos profesionales;Tasa de variación anual;2021M09;241,96
Negocio, motivos profesionales;Tasa de variación anual;2021M08;141,62
Negocio, motivos profesionales;Tasa de variación anual;2021M07;86,63
Negocio, motivos profesionales;Tasa de variación anual;2021M06;1.400,35
Negocio, motivos profesionales;Tasa de variación anual;2021M05;..
Negocio, motivos profesionales;Tasa de variación anual;2021M04;..
Negocio, motivos profesionales;Tasa de variación anual;2021M03;-1,98
Negocio, motivos profesionales;Tasa de variación anual;2021M02;-81,34
Negocio, motivos profesionales;Tasa de variación anual;2021M01;-83,71
Negocio, motivos profesionales;Tasa de variación anual;2020M12;-73,21
Negocio, motivos profesionales;Tasa de variación anual;2020M11;-83,47
Negocio, motivos profesionales;Tasa de variación anual;2020M10;-87,8
Negocio, motivos profesionales;Tasa de variación anual;2020M09;-85,43
Negocio, motivos profesionales;Tasa de variación anual;2020M08;-75,49
Negocio, motivos profesionales;Tasa de variación anual;2020M07;-77,13
Negocio, motivos profesionales;Tasa de variación anual;2020M06;-97,85
Negocio, motivos profesionales;Tasa de variación anual;2020M05;-100
Negocio, motivos profesionales;Tasa de variación anual;2020M04;-100
Negocio, motivos profesionales;Tasa de variación anual;2020M03;-71,86
Negocio, motivos profesionales;Tasa de variación anual;2020M02;-17,08
Negocio, motivos profesionales;Tasa de variación anual;2020M01;8,14
Negocio, motivos profesionales;Tasa de variación anual;2019M12;19,81
Negocio, motivos profesionales;Tasa de variación anual;2019M11;10,11
Negocio, motivos profesionales;Tasa de variación anual;2019M10;9,87
Negocio, motivos profesionales;Tasa de variación anual;2019M09;1,31
Negocio, motivos profesionales;Tasa de variación anual;2019M08;13,1
Negocio, motivos profesionales;Tasa de variación anual;2019M07;26,35
Negocio, motivos profesionales;Tasa de variación anual;2019M06;19,61
Negocio, motivos profesionales;Tasa de variación anual;2019M05;28,86
Negocio, motivos profesionales;Tasa de variación anual;2019M04;-14,43
Negocio, motivos profesionales;Tasa de variación anual;2019M03;-16,97
Negocio, motivos profesionales;Tasa de variación anual;2019M02;-1,99
Negocio, motivos profesionales;Tasa de variación anual;2019M01;26,67
Negocio, motivos profesionales;Tasa de variación anual;2018M12;-6,46
Negocio, motivos profesionales;Tasa de variación anual;2018M11;17,53
Negocio, motivos profesionales;Tasa de variación anual;2018M10;7,22
Negocio, motivos profesionales;Tasa de variación anual;2018M09;-1
Negocio, motivos profesionales;Tasa de variación anual;2018M08;-1,29
Negocio, motivos profesionales;Tasa de variación anual;2018M07;-5,1
Negocio, motivos profesionales;Tasa de variación anual;2018M06;-1,94
Negocio, motivos profesionales;Tasa de variación anual;2018M05;-14,38
Negocio, motivos profesionales;Tasa de variación anual;2018M04;41,37
Negocio, motivos profesionales;Tasa de variación anual;2018M03;32,13
Negocio, motivos profesionales;Tasa de variación anual;2018M02;25,76
Negocio, motivos profesionales;Tasa de variación anual;2018M01;-16,38
Negocio, motivos profesionales;Tasa de variación anual;2017M12;1,52
Negocio, motivos profesionales;Tasa de variación anual;2017M11;-9,14
Negocio, motivos profesionales;Tasa de variación anual;2017M10;-10,13
Negocio, motivos profesionales;Tasa de variación anual;2017M09;29,27
Negocio, motivos profesionales;Tasa de variación anual;2017M08;36,76
Negocio, motivos profesionales;Tasa de variación anual;2017M07;17,01
Negocio, motivos profesionales;Tasa de variación anual;2017M06;13,59
Negocio, motivos profesionales;Tasa de variación anual;2017M05;3,18
Negocio, motivos profesionales;Tasa de variación anual;2017M04;-20,78
Negocio, motivos profesionales;Tasa de variación anual;2017M03;14,54
Negocio, motivos profesionales;Tasa de variación anual;2017M02;-21,55
Negocio, motivos profesionales;Tasa de variación anual;2017M01;-7,13
Negocio, motivos profesionales;Tasa de variación anual;2016M12;12,02
Negocio, motivos profesionales;Tasa de variación anual;2016M11;6,06
Negocio, motivos profesionales;Tasa de variación anual;2016M10;16,2
Negocio, motivos profesionales;Tasa de variación anual;2016M09;-28,13
Negocio, motivos profesionales;Tasa de variación anual;2016M08;-58,41
Negocio, motivos profesionales;Tasa de variación anual;2016M07;-22,95
Negocio, motivos profesionales;Tasa de variación anual;2016M06;-1,56
Negocio, motivos profesionales;Tasa de variación anual;2016M05;4,43
Negocio, motivos profesionales;Tasa de variación anual;2016M04;0,26
Negocio, motivos profesionales;Tasa de variación anual;2016M03;-18,07
Negocio, motivos profesionales;Tasa de variación anual;2016M02;45,23
Negocio, motivos profesionales;Tasa de variación anual;2016M01;21,84
Negocio, motivos profesionales;Tasa de variación anual;2015M12;33,18
Negocio, motivos profesionales;Tasa de variación anual;2015M11;33,91
Negocio, motivos profesionales;Tasa de variación anual;2015M10;10,87
Negocio, motivos profesionales;Acumulado en lo que va de año;2023M08;2.904.118
Negocio, motivos profesionales;Acumulado en lo que va de año;2023M07;2.751.488
Negocio, motivos profesionales;Acumulado en lo que va de año;2023M06;2.433.036
Negocio, motivos profesionales;Acumulado en lo que va de año;2023M05;1.954.825
Negocio, motivos profesionales;Acumulado en lo que va de año;2023M04;1.516.207
Negocio, motivos profesionales;Acumulado en lo que va de año;2023M03;1.101.480
Negocio, motivos profesionales;Acumulado en lo que va de año;2023M02;643.945
Negocio, motivos profesionales;Acumulado en lo que va de año;2023M01;267.551
Negocio, motivos profesionales;Acumulado en lo que va de año;2022M12;4.410.893
Negocio, motivos profesionales;Acumulado en lo que va de año;2022M11;4.128.093
Negocio, motivos profesionales;Acumulado en lo que va de año;2022M10;3.703.594
Negocio, motivos profesionales;Acumulado en lo que va de año;2022M09;3.151.475
Negocio, motivos profesionales;Acumulado en lo que va de año;2022M08;2.660.231
Negocio, motivos profesionales;Acumulado en lo que va de año;2022M07;2.429.923
Negocio, motivos profesionales;Acumulado en lo que va de año;2022M06;2.131.807
Negocio, motivos profesionales;Acumulado en lo que va de año;2022M05;1.701.526
Negocio, motivos profesionales;Acumulado en lo que va de año;2022M04;1.159.121
Negocio, motivos profesionales;Acumulado en lo que va de año;2022M03;741.752
Negocio, motivos profesionales;Acumulado en lo que va de año;2022M02;375.745
Negocio, motivos profesionales;Acumulado en lo que va de año;2022M01;148.350
Negocio, motivos profesionales;Acumulado en lo que va de año;2021M12;2.076.218
Negocio, motivos profesionales;Acumulado en lo que va de año;2021M11;1.855.648
Negocio, motivos profesionales;Acumulado en lo que va de año;2021M10;1.603.608
Negocio, motivos profesionales;Acumulado en lo que va de año;2021M09;1.313.288
Negocio, motivos profesionales;Acumulado en lo que va de año;2021M08;1.057.242
Negocio, motivos profesionales;Acumulado en lo que va de año;2021M07;946.582
Negocio, motivos profesionales;Acumulado en lo que va de año;2021M06;764.801
Negocio, motivos profesionales;Acumulado en lo que va de año;2021M05;574.553
Negocio, motivos profesionales;Acumulado en lo que va de año;2021M04;394.080
Negocio, motivos profesionales;Acumulado en lo que va de año;2021M03;260.668
Negocio, motivos profesionales;Acumulado en lo que va de año;2021M02;126.263
Negocio, motivos profesionales;Acumulado en lo que va de año;2021M01;60.272
Negocio, motivos profesionales;Acumulado en lo que va de año;2020M12;1.346.060
Negocio, motivos profesionales;Acumulado en lo que va de año;2020M11;1.243.006
Negocio, motivos profesionales;Acumulado en lo que va de año;2020M10;1.162.013
Negocio, motivos profesionales;Acumulado en lo que va de año;2020M09;1.091.545
Negocio, motivos profesionales;Acumulado en lo que va de año;2020M08;1.016.668
Negocio, motivos profesionales;Acumulado en lo que va de año;2020M07;970.868
Negocio, motivos profesionales;Acumulado en lo que va de año;2020M06;873.469
Negocio, motivos profesionales;Acumulado en lo que va de año;2020M05;860.788
Negocio, motivos profesionales;Acumulado en lo que va de año;2020M04;860.788
Negocio, motivos profesionales;Acumulado en lo que va de año;2020M03;860.788
Negocio, motivos profesionales;Acumulado en lo que va de año;2020M02;723.675
Negocio, motivos profesionales;Acumulado en lo que va de año;2020M01;370.060
Negocio, motivos profesionales;Acumulado en lo que va de año;2019M12;5.409.183
Negocio, motivos profesionales;Acumulado en lo que va de año;2019M11;5.024.439
Negocio, motivos profesionales;Acumulado en lo que va de año;2019M10;4.534.337
Negocio, motivos profesionales;Acumulado en lo que va de año;2019M09;3.956.671
Negocio, motivos profesionales;Acumulado en lo que va de año;2019M08;3.442.658
Negocio, motivos profesionales;Acumulado en lo que va de año;2019M07;3.255.821
Negocio, motivos profesionales;Acumulado en lo que va de año;2019M06;2.830.006
Negocio, motivos profesionales;Acumulado en lo que va de año;2019M05;2.240.942
Negocio, motivos profesionales;Acumulado en lo que va de año;2019M04;1.695.951
Negocio, motivos profesionales;Acumulado en lo que va de año;2019M03;1.255.893
Negocio, motivos profesionales;Acumulado en lo que va de año;2019M02;768.676
Negocio, motivos profesionales;Acumulado en lo que va de año;2019M01;342.198
Negocio, motivos profesionales;Acumulado en lo que va de año;2018M12;5.023.355
Negocio, motivos profesionales;Acumulado en lo que va de año;2018M11;4.702.239
Negocio, motivos profesionales;Acumulado en lo que va de año;2018M10;4.257.121
Negocio, motivos profesionales;Acumulado en lo que va de año;2018M09;3.731.343
Negocio, motivos profesionales;Acumulado en lo que va de año;2018M08;3.223.979
Negocio, motivos profesionales;Acumulado en lo que va de año;2018M07;3.058.788
Negocio, motivos profesionales;Acumulado en lo que va de año;2018M06;2.721.772
Negocio, motivos profesionales;Acumulado en lo que va de año;2018M05;2.229.305
Negocio, motivos profesionales;Acumulado en lo que va de año;2018M04;1.806.383
Negocio, motivos profesionales;Acumulado en lo que va de año;2018M03;1.292.104
Negocio, motivos profesionales;Acumulado en lo que va de año;2018M02;705.278
Negocio, motivos profesionales;Acumulado en lo que va de año;2018M01;270.147
Negocio, motivos profesionales;Acumulado en lo que va de año;2017M12;4.720.463
Negocio, motivos profesionales;Acumulado en lo que va de año;2017M11;4.377.159
Negocio, motivos profesionales;Acumulado en lo que va de año;2017M10;3.998.447
Negocio, motivos profesionales;Acumulado en lo que va de año;2017M09;3.508.080
Negocio, motivos profesionales;Acumulado en lo que va de año;2017M08;2.995.612
Negocio, motivos profesionales;Acumulado en lo que va de año;2017M07;2.828.260
Negocio, motivos profesionales;Acumulado en lo que va de año;2017M06;2.473.142
Negocio, motivos profesionales;Acumulado en lo que va de año;2017M05;1.970.935
Negocio, motivos profesionales;Acumulado en lo que va de año;2017M04;1.476.970
Negocio, motivos profesionales;Acumulado en lo que va de año;2017M03;1.113.197
Negocio, motivos profesionales;Acumulado en lo que va de año;2017M02;669.061
Negocio, motivos profesionales;Acumulado en lo que va de año;2017M01;323.058
Negocio, motivos profesionales;Acumulado en lo que va de año;2016M12;4.679.698
Negocio, motivos profesionales;Acumulado en lo que va de año;2016M11;4.341.534
Negocio, motivos profesionales;Acumulado en lo que va de año;2016M10;3.924.705
Negocio, motivos profesionales;Acumulado en lo que va de año;2016M09;3.379.053
Negocio, motivos profesionales;Acumulado en lo que va de año;2016M08;2.982.609
Negocio, motivos profesionales;Acumulado en lo que va de año;2016M07;2.860.235
Negocio, motivos profesionales;Acumulado en lo que va de año;2016M06;2.556.752
Negocio, motivos profesionales;Acumulado en lo que va de año;2016M05;2.114.623
Negocio, motivos profesionales;Acumulado en lo que va de año;2016M04;1.635.895
Negocio, motivos profesionales;Acumulado en lo que va de año;2016M03;1.176.696
Negocio, motivos profesionales;Acumulado en lo que va de año;2016M02;788.935
Negocio, motivos profesionales;Acumulado en lo que va de año;2016M01;347.876
Negocio, motivos profesionales;Acumulado en lo que va de año;2015M12;""
Negocio, motivos profesionales;Acumulado en lo que va de año;2015M11;""
Negocio, motivos profesionales;Acumulado en lo que va de año;2015M10;""
Negocio, motivos profesionales;Tasa de variación acumulada;2023M08;9,17
Negocio, motivos profesionales;Tasa de variación acumulada;2023M07;13,23
Negocio, motivos profesionales;Tasa de variación acumulada;2023M06;14,13
Negocio, motivos profesionales;Tasa de variación acumulada;2023M05;14,89
Negocio, motivos profesionales;Tasa de variación acumulada;2023M04;30,81
Negocio, motivos profesionales;Tasa de variación acumulada;2023M03;48,5
Negocio, motivos profesionales;Tasa de variación acumulada;2023M02;71,38
Negocio, motivos profesionales;Tasa de variación acumulada;2023M01;80,35
Negocio, motivos profesionales;Tasa de variación acumulada;2022M12;112,45
Negocio, motivos profesionales;Tasa de variación acumulada;2022M11;122,46
Negocio, motivos profesionales;Tasa de variación acumulada;2022M10;130,95
Negocio, motivos profesionales;Tasa de variación acumulada;2022M09;139,97
Negocio, motivos profesionales;Tasa de variación acumulada;2022M08;151,62
Negocio, motivos profesionales;Tasa de variación acumulada;2022M07;156,7
Negocio, motivos profesionales;Tasa de variación acumulada;2022M06;178,74
Negocio, motivos profesionales;Tasa de variación acumulada;2022M05;196,15
Negocio, motivos profesionales;Tasa de variación acumulada;2022M04;194,13
Negocio, motivos profesionales;Tasa de variación acumulada;2022M03;184,56
Negocio, motivos profesionales;Tasa de variación acumulada;2022M02;197,59
Negocio, motivos profesionales;Tasa de variación acumulada;2022M01;146,14
Negocio, motivos profesionales;Tasa de variación acumulada;2021M12;54,24
Negocio, motivos profesionales;Tasa de variación acumulada;2021M11;49,29
Negocio, motivos profesionales;Tasa de variación acumulada;2021M10;38
Negocio, motivos profesionales;Tasa de variación acumulada;2021M09;20,31
Negocio, motivos profesionales;Tasa de variación acumulada;2021M08;3,99
Negocio, motivos profesionales;Tasa de variación acumulada;2021M07;-2,5
Negocio, motivos profesionales;Tasa de variación acumulada;2021M06;-12,44
Negocio, motivos profesionales;Tasa de variación acumulada;2021M05;-33,25
Negocio, motivos profesionales;Tasa de variación acumulada;2021M04;-54,22
Negocio, motivos profesionales;Tasa de variación acumulada;2021M03;-69,72
Negocio, motivos profesionales;Tasa de variación acumulada;2021M02;-82,55
Negocio, motivos profesionales;Tasa de variación acumulada;2021M01;-83,71
Negocio, motivos profesionales;Tasa de variación acumulada;2020M12;-75,12
Negocio, motivos profesionales;Tasa de variación acumulada;2020M11;-75,26
Negocio, motivos profesionales;Tasa de variación acumulada;2020M10;-74,37
Negocio, motivos profesionales;Tasa de variación acumulada;2020M09;-72,41
Negocio, motivos profesionales;Tasa de variación acumulada;2020M08;-70,47
Negocio, motivos profesionales;Tasa de variación acumulada;2020M07;-70,18
Negocio, motivos profesionales;Tasa de variación acumulada;2020M06;-69,14
Negocio, motivos profesionales;Tasa de variación acumulada;2020M05;-61,59
Negocio, motivos profesionales;Tasa de variación acumulada;2020M04;-49,24
Negocio, motivos profesionales;Tasa de variación acumulada;2020M03;-31,46
Negocio, motivos profesionales;Tasa de variación acumulada;2020M02;-5,85
Negocio, motivos profesionales;Tasa de variación acumulada;2020M01;8,14
Negocio, motivos profesionales;Tasa de variación acumulada;2019M12;7,68
Negocio, motivos profesionales;Tasa de variación acumulada;2019M11;6,85
Negocio, motivos profesionales;Tasa de variación acumulada;2019M10;6,51
Negocio, motivos profesionales;Tasa de variación acumulada;2019M09;6,04
Negocio, motivos profesionales;Tasa de variación acumulada;2019M08;6,78
Negocio, motivos profesionales;Tasa de variación acumulada;2019M07;6,44
Negocio, motivos profesionales;Tasa de variación acumulada;2019M06;3,98
Negocio, motivos profesionales;Tasa de variación acumulada;2019M05;0,52
Negocio, motivos profesionales;Tasa de variación acumulada;2019M04;-6,11
Negocio, motivos profesionales;Tasa de variación acumulada;2019M03;-2,8
Negocio, motivos profesionales;Tasa de variación acumulada;2019M02;8,99
Negocio, motivos profesionales;Tasa de variación acumulada;2019M01;26,67
Negocio, motivos profesionales;Tasa de variación acumulada;2018M12;6,42
Negocio, motivos profesionales;Tasa de variación acumulada;2018M11;7,43
Negocio, motivos profesionales;Tasa de variación acumulada;2018M10;6,47
Negocio, motivos profesionales;Tasa de variación acumulada;2018M09;6,36
Negocio, motivos profesionales;Tasa de variación acumulada;2018M08;7,62
Negocio, motivos profesionales;Tasa de variación acumulada;2018M07;8,15
Negocio, motivos profesionales;Tasa de variación acumulada;2018M06;10,05
Negocio, motivos profesionales;Tasa de variación acumulada;2018M05;13,11
Negocio, motivos profesionales;Tasa de variación acumulada;2018M04;22,3
Negocio, motivos profesionales;Tasa de variación acumulada;2018M03;16,07
Negocio, motivos profesionales;Tasa de variación acumulada;2018M02;5,41
Negocio, motivos profesionales;Tasa de variación acumulada;2018M01;-16,38
Negocio, motivos profesionales;Tasa de variación acumulada;2017M12;0,87
Negocio, motivos profesionales;Tasa de variación acumulada;2017M11;0,82
Negocio, motivos profesionales;Tasa de variación acumulada;2017M10;1,88
Negocio, motivos profesionales;Tasa de variación acumulada;2017M09;3,82
Negocio, motivos profesionales;Tasa de variación acumulada;2017M08;0,44
Negocio, motivos profesionales;Tasa de variación acumulada;2017M07;-1,12
Negocio, motivos profesionales;Tasa de variación acumulada;2017M06;-3,27
Negocio, motivos profesionales;Tasa de variación acumulada;2017M05;-6,79
Negocio, motivos profesionales;Tasa de variación acumulada;2017M04;-9,71
Negocio, motivos profesionales;Tasa de variación acumulada;2017M03;-5,4
Negocio, motivos profesionales;Tasa de variación acumulada;2017M02;-15,19
Negocio, motivos profesionales;Tasa de variación acumulada;2017M01;-7,13
Negocio, motivos profesionales;Tasa de variación acumulada;2016M12;-3,16
Negocio, motivos profesionales;Tasa de variación acumulada;2016M11;-4,17
Negocio, motivos profesionales;Tasa de variación acumulada;2016M10;-5,14
Negocio, motivos profesionales;Tasa de variación acumulada;2016M09;-7,87
Negocio, motivos profesionales;Tasa de variación acumulada;2016M08;-4,28
Negocio, motivos profesionales;Tasa de variación acumulada;2016M07;1,36
Negocio, motivos profesionales;Tasa de variación acumulada;2016M06;5,3
Negocio, motivos profesionales;Tasa de variación acumulada;2016M05;6,86
Negocio, motivos profesionales;Tasa de variación acumulada;2016M04;7,59
Negocio, motivos profesionales;Tasa de variación acumulada;2016M03;10,75
Negocio, motivos profesionales;Tasa de variación acumulada;2016M02;33,89
Negocio, motivos profesionales;Tasa de variación acumulada;2016M01;21,84
Negocio, motivos profesionales;Tasa de variación acumulada;2015M12;""
Negocio, motivos profesionales;Tasa de variación acumulada;2015M11;""
Negocio, motivos profesionales;Tasa de variación acumulada;2015M10;""
Otros motivos;Dato base;2023M08;625.779
Otros motivos;Dato base;2023M07;606.819
Otros motivos;Dato base;2023M06;564.396
Otros motivos;Dato base;2023M05;608.790
Otros motivos;Dato base;2023M04;628.607
Otros motivos;Dato base;2023M03;514.263
Otros motivos;Dato base;2023M02;435.823
Otros motivos;Dato base;2023M01;459.016
Otros motivos;Dato base;2022M12;524.968
Otros motivos;Dato base;2022M11;355.669
Otros motivos;Dato base;2022M10;496.451
Otros motivos;Dato base;2022M09;412.013
Otros motivos;Dato base;2022M08;461.963
Otros motivos;Dato base;2022M07;488.782
Otros motivos;Dato base;2022M06;399.647
Otros motivos;Dato base;2022M05;514.663
Otros motivos;Dato base;2022M04;483.979
Otros motivos;Dato base;2022M03;315.242
Otros motivos;Dato base;2022M02;319.521
Otros motivos;Dato base;2022M01;343.836
Otros motivos;Dato base;2021M12;381.272
Otros motivos;Dato base;2021M11;294.178
Otros motivos;Dato base;2021M10;338.852
Otros motivos;Dato base;2021M09;286.018
Otros motivos;Dato base;2021M08;327.580
Otros motivos;Dato base;2021M07;346.108
Otros motivos;Dato base;2021M06;250.299
Otros motivos;Dato base;2021M05;176.503
Otros motivos;Dato base;2021M04;104.992
Otros motivos;Dato base;2021M03;89.457
Otros motivos;Dato base;2021M02;56.408
Otros motivos;Dato base;2021M01;102.776
Otros motivos;Dato base;2020M12;160.521
Otros motivos;Dato base;2020M11;80.175
Otros motivos;Dato base;2020M10;149.352
Otros motivos;Dato base;2020M09;161.404
Otros motivos;Dato base;2020M08;225.822
Otros motivos;Dato base;2020M07;245.263
Otros motivos;Dato base;2020M06;23.958
Otros motivos;Dato base;2020M05;0
Otros motivos;Dato base;2020M04;0
Otros motivos;Dato base;2020M03;203.030
Otros motivos;Dato base;2020M02;418.978
Otros motivos;Dato base;2020M01;385.013
Otros motivos;Dato base;2019M12;386.836
Otros motivos;Dato base;2019M11;349.069
Otros motivos;Dato base;2019M10;381.809
Otros motivos;Dato base;2019M09;383.584
Otros motivos;Dato base;2019M08;480.080
Otros motivos;Dato base;2019M07;471.808
Otros motivos;Dato base;2019M06;427.213
Otros motivos;Dato base;2019M05;456.226
Otros motivos;Dato base;2019M04;493.409
Otros motivos;Dato base;2019M03;477.059
Otros motivos;Dato base;2019M02;403.364
Otros motivos;Dato base;2019M01;413.090
Otros motivos;Dato base;2018M12;462.275
Otros motivos;Dato base;2018M11;328.388
Otros motivos;Dato base;2018M10;416.656
Otros motivos;Dato base;2018M09;437.884
Otros motivos;Dato base;2018M08;639.841
Otros motivos;Dato base;2018M07;612.908
Otros motivos;Dato base;2018M06;553.709
Otros motivos;Dato base;2018M05;513.543
Otros motivos;Dato base;2018M04;483.303
Otros motivos;Dato base;2018M03;464.702
Otros motivos;Dato base;2018M02;324.544
Otros motivos;Dato base;2018M01;374.254
Otros motivos;Dato base;2017M12;421.854
Otros motivos;Dato base;2017M11;337.281
Otros motivos;Dato base;2017M10;447.753
Otros motivos;Dato base;2017M09;415.460
Otros motivos;Dato base;2017M08;634.376
Otros motivos;Dato base;2017M07;710.359
Otros motivos;Dato base;2017M06;528.191
Otros motivos;Dato base;2017M05;613.115
Otros motivos;Dato base;2017M04;652.137
Otros motivos;Dato base;2017M03;474.721
Otros motivos;Dato base;2017M02;385.628
Otros motivos;Dato base;2017M01;440.081
Otros motivos;Dato base;2016M12;536.345
Otros motivos;Dato base;2016M11;429.482
Otros motivos;Dato base;2016M10;491.615
Otros motivos;Dato base;2016M09;478.306
Otros motivos;Dato base;2016M08;608.198
Otros motivos;Dato base;2016M07;577.555
Otros motivos;Dato base;2016M06;519.265
Otros motivos;Dato base;2016M05;554.236
Otros motivos;Dato base;2016M04;706.113
Otros motivos;Dato base;2016M03;492.388
Otros motivos;Dato base;2016M02;423.403
Otros motivos;Dato base;2016M01;506.662
Otros motivos;Dato base;2015M12;579.120
Otros motivos;Dato base;2015M11;435.490
Otros motivos;Dato base;2015M10;651.685
Otros motivos;Tasa de variación anual;2023M08;35,46
Otros motivos;Tasa de variación anual;2023M07;24,15
Otros motivos;Tasa de variación anual;2023M06;41,22
Otros motivos;Tasa de variación anual;2023M05;18,29
Otros motivos;Tasa de variación anual;2023M04;29,88
Otros motivos;Tasa de variación anual;2023M03;63,13
Otros motivos;Tasa de variación anual;2023M02;36,4
Otros motivos;Tasa de variación anual;2023M01;33,5
Otros motivos;Tasa de variación anual;2022M12;37,69
Otros motivos;Tasa de variación anual;2022M11;20,9
Otros motivos;Tasa de variación anual;2022M10;46,51
Otros motivos;Tasa de variación anual;2022M09;44,05
Otros motivos;Tasa de variación anual;2022M08;41,02
Otros motivos;Tasa de variación anual;2022M07;41,22
Otros motivos;Tasa de variación anual;2022M06;59,67
Otros motivos;Tasa de variación anual;2022M05;191,59
Otros motivos;Tasa de variación anual;2022M04;360,97
Otros motivos;Tasa de variación anual;2022M03;252,4
Otros motivos;Tasa de variación anual;2022M02;466,45
Otros motivos;Tasa de variación anual;2022M01;234,55
Otros motivos;Tasa de variación anual;2021M12;137,52
Otros motivos;Tasa de variación anual;2021M11;266,92
Otros motivos;Tasa de variación anual;2021M10;126,88
Otros motivos;Tasa de variación anual;2021M09;77,21
Otros motivos;Tasa de variación anual;2021M08;45,06
Otros motivos;Tasa de variación anual;2021M07;41,12
Otros motivos;Tasa de variación anual;2021M06;944,73
Otros motivos;Tasa de variación anual;2021M05;..
Otros motivos;Tasa de variación anual;2021M04;..
Otros motivos;Tasa de variación anual;2021M03;-55,94
Otros motivos;Tasa de variación anual;2021M02;-86,54
Otros motivos;Tasa de variación anual;2021M01;-73,31
Otros motivos;Tasa de variación anual;2020M12;-58,5
Otros motivos;Tasa de variación anual;2020M11;-77,03
Otros motivos;Tasa de variación anual;2020M10;-60,88
Otros motivos;Tasa de variación anual;2020M09;-57,92
Otros motivos;Tasa de variación anual;2020M08;-52,96
Otros motivos;Tasa de variación anual;2020M07;-48,02
Otros motivos;Tasa de variación anual;2020M06;-94,39
Otros motivos;Tasa de variación anual;2020M05;-100
Otros motivos;Tasa de variación anual;2020M04;-100
Otros motivos;Tasa de variación anual;2020M03;-57,44
Otros motivos;Tasa de variación anual;2020M02;3,87
Otros motivos;Tasa de variación anual;2020M01;-6,8
Otros motivos;Tasa de variación anual;2019M12;-16,32
Otros motivos;Tasa de variación anual;2019M11;6,3
Otros motivos;Tasa de variación anual;2019M10;-8,36
Otros motivos;Tasa de variación anual;2019M09;-12,4
Otros motivos;Tasa de variación anual;2019M08;-24,97
Otros motivos;Tasa de variación anual;2019M07;-23,02
Otros motivos;Tasa de variación anual;2019M06;-22,85
Otros motivos;Tasa de variación anual;2019M05;-11,16
Otros motivos;Tasa de variación anual;2019M04;2,09
Otros motivos;Tasa de variación anual;2019M03;2,66
Otros motivos;Tasa de variación anual;2019M02;24,29
Otros motivos;Tasa de variación anual;2019M01;10,38
Otros motivos;Tasa de variación anual;2018M12;9,58
Otros motivos;Tasa de variación anual;2018M11;-2,64
Otros motivos;Tasa de variación anual;2018M10;-6,95
Otros motivos;Tasa de variación anual;2018M09;5,4
Otros motivos;Tasa de variación anual;2018M08;0,86
Otros motivos;Tasa de variación anual;2018M07;-13,72
Otros motivos;Tasa de variación anual;2018M06;4,83
Otros motivos;Tasa de variación anual;2018M05;-16,24
Otros motivos;Tasa de variación anual;2018M04;-25,89
Otros motivos;Tasa de variación anual;2018M03;-2,11
Otros motivos;Tasa de variación anual;2018M02;-15,84
Otros motivos;Tasa de variación anual;2018M01;-14,96
Otros motivos;Tasa de variación anual;2017M12;-21,35
Otros motivos;Tasa de variación anual;2017M11;-21,47
Otros motivos;Tasa de variación anual;2017M10;-8,92
Otros motivos;Tasa de variación anual;2017M09;-13,14
Otros motivos;Tasa de variación anual;2017M08;4,3
Otros motivos;Tasa de variación anual;2017M07;22,99
Otros motivos;Tasa de variación anual;2017M06;1,72
Otros motivos;Tasa de variación anual;2017M05;10,62
Otros motivos;Tasa de variación anual;2017M04;-7,64
Otros motivos;Tasa de variación anual;2017M03;-3,59
Otros motivos;Tasa de variación anual;2017M02;-8,92
Otros motivos;Tasa de variación anual;2017M01;-13,14
Otros motivos;Tasa de variación anual;2016M12;-7,39
Otros motivos;Tasa de variación anual;2016M11;-1,38
Otros motivos;Tasa de variación anual;2016M10;-24,56
Otros motivos;Tasa de variación anual;2016M09;39,96
Otros motivos;Tasa de variación anual;2016M08;24,27
Otros motivos;Tasa de variación anual;2016M07;27,32
Otros motivos;Tasa de variación anual;2016M06;67,55
Otros motivos;Tasa de variación anual;2016M05;45,47
Otros motivos;Tasa de variación anual;2016M04;48,96
Otros motivos;Tasa de variación anual;2016M03;37,29
Otros motivos;Tasa de variación anual;2016M02;30,88
Otros motivos;Tasa de variación anual;2016M01;46,29
Otros motivos;Tasa de variación anual;2015M12;61,09
Otros motivos;Tasa de variación anual;2015M11;51,05
Otros motivos;Tasa de variación anual;2015M10;62,72
Otros motivos;Acumulado en lo que va de año;2023M08;4.443.492
Otros motivos;Acumulado en lo que va de año;2023M07;3.817.713
Otros motivos;Acumulado en lo que va de año;2023M06;3.210.895
Otros motivos;Acumulado en lo que va de año;2023M05;2.646.498
Otros motivos;Acumulado en lo que va de año;2023M04;2.037.708
Otros motivos;Acumulado en lo que va de año;2023M03;1.409.101
Otros motivos;Acumulado en lo que va de año;2023M02;894.838
Otros motivos;Acumulado en lo que va de año;2023M01;459.016
Otros motivos;Acumulado en lo que va de año;2022M12;5.116.733
Otros motivos;Acumulado en lo que va de año;2022M11;4.591.765
Otros motivos;Acumulado en lo que va de año;2022M10;4.236.096
Otros motivos;Acumulado en lo que va de año;2022M09;3.739.646
Otros motivos;Acumulado en lo que va de año;2022M08;3.327.633
Otros motivos;Acumulado en lo que va de año;2022M07;2.865.670
Otros motivos;Acumulado en lo que va de año;2022M06;2.376.888
Otros motivos;Acumulado en lo que va de año;2022M05;1.977.241
Otros motivos;Acumulado en lo que va de año;2022M04;1.462.578
Otros motivos;Acumulado en lo que va de año;2022M03;978.599
Otros motivos;Acumulado en lo que va de año;2022M02;663.357
Otros motivos;Acumulado en lo que va de año;2022M01;343.836
Otros motivos;Acumulado en lo que va de año;2021M12;2.754.444
Otros motivos;Acumulado en lo que va de año;2021M11;2.373.171
Otros motivos;Acumulado en lo que va de año;2021M10;2.078.993
Otros motivos;Acumulado en lo que va de año;2021M09;1.740.141
Otros motivos;Acumulado en lo que va de año;2021M08;1.454.123
Otros motivos;Acumulado en lo que va de año;2021M07;1.126.542
Otros motivos;Acumulado en lo que va de año;2021M06;780.435
Otros motivos;Acumulado en lo que va de año;2021M05;530.136
Otros motivos;Acumulado en lo que va de año;2021M04;353.633
Otros motivos;Acumulado en lo que va de año;2021M03;248.640
Otros motivos;Acumulado en lo que va de año;2021M02;159.184
Otros motivos;Acumulado en lo que va de año;2021M01;102.776
Otros motivos;Acumulado en lo que va de año;2020M12;2.053.516
Otros motivos;Acumulado en lo que va de año;2020M11;1.892.996
Otros motivos;Acumulado en lo que va de año;2020M10;1.812.821
Otros motivos;Acumulado en lo que va de año;2020M09;1.663.469
Otros motivos;Acumulado en lo que va de año;2020M08;1.502.064
Otros motivos;Acumulado en lo que va de año;2020M07;1.276.242
Otros motivos;Acumulado en lo que va de año;2020M06;1.030.979
Otros motivos;Acumulado en lo que va de año;2020M05;1.007.021
Otros motivos;Acumulado en lo que va de año;2020M04;1.007.021
Otros motivos;Acumulado en lo que va de año;2020M03;1.007.021
Otros motivos;Acumulado en lo que va de año;2020M02;803.991
Otros motivos;Acumulado en lo que va de año;2020M01;385.013
Otros motivos;Acumulado en lo que va de año;2019M12;5.123.547
Otros motivos;Acumulado en lo que va de año;2019M11;4.736.712
Otros motivos;Acumulado en lo que va de año;2019M10;4.387.643
Otros motivos;Acumulado en lo que va de año;2019M09;4.005.834
Otros motivos;Acumulado en lo que va de año;2019M08;3.622.250
Otros motivos;Acumulado en lo que va de año;2019M07;3.142.170
Otros motivos;Acumulado en lo que va de año;2019M06;2.670.361
Otros motivos;Acumulado en lo que va de año;2019M05;2.243.149
Otros motivos;Acumulado en lo que va de año;2019M04;1.786.923
Otros motivos;Acumulado en lo que va de año;2019M03;1.293.514
Otros motivos;Acumulado en lo que va de año;2019M02;816.455
Otros motivos;Acumulado en lo que va de año;2019M01;413.090
Otros motivos;Acumulado en lo que va de año;2018M12;5.612.005
Otros motivos;Acumulado en lo que va de año;2018M11;5.149.730
Otros motivos;Acumulado en lo que va de año;2018M10;4.821.343
Otros motivos;Acumulado en lo que va de año;2018M09;4.404.687
Otros motivos;Acumulado en lo que va de año;2018M08;3.966.803
Otros motivos;Acumulado en lo que va de año;2018M07;3.326.962
Otros motivos;Acumulado en lo que va de año;2018M06;2.714.054
Otros motivos;Acumulado en lo que va de año;2018M05;2.160.345
Otros motivos;Acumulado en lo que va de año;2018M04;1.646.802
Otros motivos;Acumulado en lo que va de año;2018M03;1.163.500
Otros motivos;Acumulado en lo que va de año;2018M02;698.798
Otros motivos;Acumulado en lo que va de año;2018M01;374.254
Otros motivos;Acumulado en lo que va de año;2017M12;6.060.956
Otros motivos;Acumulado en lo que va de año;2017M11;5.639.102
Otros motivos;Acumulado en lo que va de año;2017M10;5.301.821
Otros motivos;Acumulado en lo que va de año;2017M09;4.854.068
Otros motivos;Acumulado en lo que va de año;2017M08;4.438.609
Otros motivos;Acumulado en lo que va de año;2017M07;3.804.232
Otros motivos;Acumulado en lo que va de año;2017M06;3.093.874
Otros motivos;Acumulado en lo que va de año;2017M05;2.565.682
Otros motivos;Acumulado en lo que va de año;2017M04;1.952.567
Otros motivos;Acumulado en lo que va de año;2017M03;1.300.430
Otros motivos;Acumulado en lo que va de año;2017M02;825.709
Otros motivos;Acumulado en lo que va de año;2017M01;440.081
Otros motivos;Acumulado en lo que va de año;2016M12;6.323.567
Otros motivos;Acumulado en lo que va de año;2016M11;5.787.222
Otros motivos;Acumulado en lo que va de año;2016M10;5.357.740
Otros motivos;Acumulado en lo que va de año;2016M09;4.866.126
Otros motivos;Acumulado en lo que va de año;2016M08;4.387.820
Otros motivos;Acumulado en lo que va de año;2016M07;3.779.622
Otros motivos;Acumulado en lo que va de año;2016M06;3.202.067
Otros motivos;Acumulado en lo que va de año;2016M05;2.682.802
Otros motivos;Acumulado en lo que va de año;2016M04;2.128.566
Otros motivos;Acumulado en lo que va de año;2016M03;1.422.453
Otros motivos;Acumulado en lo que va de año;2016M02;930.065
Otros motivos;Acumulado en lo que va de año;2016M01;506.662
Otros motivos;Acumulado en lo que va de año;2015M12;""
Otros motivos;Acumulado en lo que va de año;2015M11;""
Otros motivos;Acumulado en lo que va de año;2015M10;""
Otros motivos;Tasa de variación acumulada;2023M08;33,53
Otros motivos;Tasa de variación acumulada;2023M07;33,22
Otros motivos;Tasa de variación acumulada;2023M06;35,09
Otros motivos;Tasa de variación acumulada;2023M05;33,85
Otros motivos;Tasa de variación acumulada;2023M04;39,32
Otros motivos;Tasa de variación acumulada;2023M03;43,99
Otros motivos;Tasa de variación acumulada;2023M02;34,9
Otros motivos;Tasa de variación acumulada;2023M01;33,5
Otros motivos;Tasa de variación acumulada;2022M12;85,76
Otros motivos;Tasa de variación acumulada;2022M11;93,49
Otros motivos;Tasa de variación acumulada;2022M10;103,76
Otros motivos;Tasa de variación acumulada;2022M09;114,9
Otros motivos;Tasa de variación acumulada;2022M08;128,84
Otros motivos;Tasa de variación acumulada;2022M07;154,38
Otros motivos;Tasa de variación acumulada;2022M06;204,56
Otros motivos;Tasa de variación acumulada;2022M05;272,97
Otros motivos;Tasa de variación acumulada;2022M04;313,59
Otros motivos;Tasa de variación acumulada;2022M03;293,58
Otros motivos;Tasa de variación acumulada;2022M02;316,72
Otros motivos;Tasa de variación acumulada;2022M01;234,55
Otros motivos;Tasa de variación acumulada;2021M12;34,13
Otros motivos;Tasa de variación acumulada;2021M11;25,37
Otros motivos;Tasa de variación acumulada;2021M10;14,68
Otros motivos;Tasa de variación acumulada;2021M09;4,61
Otros motivos;Tasa de variación acumulada;2021M08;-3,19
Otros motivos;Tasa de variación acumulada;2021M07;-11,73
Otros motivos;Tasa de variación acumulada;2021M06;-24,3
Otros motivos;Tasa de variación acumulada;2021M05;-47,36
Otros motivos;Tasa de variación acumulada;2021M04;-64,88
Otros motivos;Tasa de variación acumulada;2021M03;-75,31
Otros motivos;Tasa de variación acumulada;2021M02;-80,2
Otros motivos;Tasa de variación acumulada;2021M01;-73,31
Otros motivos;Tasa de variación acumulada;2020M12;-59,92
Otros motivos;Tasa de variación acumulada;2020M11;-60,04
Otros motivos;Tasa de variación acumulada;2020M10;-58,68
Otros motivos;Tasa de variación acumulada;2020M09;-58,47
Otros motivos;Tasa de variación acumulada;2020M08;-58,53
Otros motivos;Tasa de variación acumulada;2020M07;-59,38
Otros motivos;Tasa de variación acumulada;2020M06;-61,39
Otros motivos;Tasa de variación acumulada;2020M05;-55,11
Otros motivos;Tasa de variación acumulada;2020M04;-43,64
Otros motivos;Tasa de variación acumulada;2020M03;-22,15
Otros motivos;Tasa de variación acumulada;2020M02;-1,53
Otros motivos;Tasa de variación acumulada;2020M01;-6,8
Otros motivos;Tasa de variación acumulada;2019M12;-8,7
Otros motivos;Tasa de variación acumulada;2019M11;-8,02
Otros motivos;Tasa de variación acumulada;2019M10;-9
Otros motivos;Tasa de variación acumulada;2019M09;-9,06
Otros motivos;Tasa de variación acumulada;2019M08;-8,69
Otros motivos;Tasa de variación acumulada;2019M07;-5,55
Otros motivos;Tasa de variación acumulada;2019M06;-1,61
Otros motivos;Tasa de variación acumulada;2019M05;3,83
Otros motivos;Tasa de variación acumulada;2019M04;8,51
Otros motivos;Tasa de variación acumulada;2019M03;11,17
Otros motivos;Tasa de variación acumulada;2019M02;16,84
Otros motivos;Tasa de variación acumulada;2019M01;10,38
Otros motivos;Tasa de variación acumulada;2018M12;-7,41
Otros motivos;Tasa de variación acumulada;2018M11;-8,68
Otros motivos;Tasa de variación acumulada;2018M10;-9,06
Otros motivos;Tasa de variación acumulada;2018M09;-9,26
Otros motivos;Tasa de variación acumulada;2018M08;-10,63
Otros motivos;Tasa de variación acumulada;2018M07;-12,55
Otros motivos;Tasa de variación acumulada;2018M06;-12,28
Otros motivos;Tasa de variación acumulada;2018M05;-15,8
Otros motivos;Tasa de variación acumulada;2018M04;-15,66
Otros motivos;Tasa de variación acumulada;2018M03;-10,53
Otros motivos;Tasa de variación acumulada;2018M02;-15,37
Otros motivos;Tasa de variación acumulada;2018M01;-14,96
Otros motivos;Tasa de variación acumulada;2017M12;-4,15
Otros motivos;Tasa de variación acumulada;2017M11;-2,56
Otros motivos;Tasa de variación acumulada;2017M10;-1,04
Otros motivos;Tasa de variación acumulada;2017M09;-0,25
Otros motivos;Tasa de variación acumulada;2017M08;1,16
Otros motivos;Tasa de variación acumulada;2017M07;0,65
Otros motivos;Tasa de variación acumulada;2017M06;-3,38
Otros motivos;Tasa de variación acumulada;2017M05;-4,37
Otros motivos;Tasa de variación acumulada;2017M04;-8,27
Otros motivos;Tasa de variación acumulada;2017M03;-8,58
Otros motivos;Tasa de variación acumulada;2017M02;-11,22
Otros motivos;Tasa de variación acumulada;2017M01;-13,14
Otros motivos;Tasa de variación acumulada;2016M12;22,92
Otros motivos;Tasa de variación acumulada;2016M11;26,76
Otros motivos;Tasa de variación acumulada;2016M10;29,73
Otros motivos;Tasa de variación acumulada;2016M09;39,9
Otros motivos;Tasa de variación acumulada;2016M08;39,9
Otros motivos;Tasa de variación acumulada;2016M07;42,78
Otros motivos;Tasa de variación acumulada;2016M06;45,98
Otros motivos;Tasa de variación acumulada;2016M05;42,43
Otros motivos;Tasa de variación acumulada;2016M04;41,67
Otros motivos;Tasa de variación acumulada;2016M03;38,3
Otros motivos;Tasa de variación acumulada;2016M02;38,85
Otros motivos;Tasa de variación acumulada;2016M01;46,29
Otros motivos;Tasa de variación acumulada;2015M12;""
Otros motivos;Tasa de variación acumulada;2015M11;""
Otros motivos;Tasa de variación acumulada;2015M10;""
